"","common_name","scientific_name","status","order","family","region"
"1","Highland Tinamou","Nothocercus bonapartei","","TINAMIFORMES","Tinamidae","CRhe"
"2","Great Tinamou","Tinamus major","","TINAMIFORMES","Tinamidae","CRhe"
"3","Little Tinamou","Crypturellus soui","","TINAMIFORMES","Tinamidae","CRhe"
"4","Slaty-breasted Tinamou","Crypturellus boucardi","Vulnerable","TINAMIFORMES","Tinamidae","CRhe"
"5","White-faced Whistling-Duck","Dendrocygna viduata","Extirpated","ANSERIFORMES","Anatidae","CRhe"
"6","Black-bellied Whistling-Duck","Dendrocygna autumnalis","","ANSERIFORMES","Anatidae","CRhe"
"7","Muscovy Duck","Cairina moschata","","ANSERIFORMES","Anatidae","CRhe"
"8","Blue-winged Teal","Spatula discors","","ANSERIFORMES","Anatidae","CRhe"
"9","Cinnamon Teal","Spatula cyanoptera","Rare/Accidental","ANSERIFORMES","Anatidae","CRhe"
"10","Northern Shoveler","Spatula clypeata","","ANSERIFORMES","Anatidae","CRhe"
"11","American Wigeon","Mareca americana","","ANSERIFORMES","Anatidae","CRhe"
"12","Northern Pintail","Anas acuta","","ANSERIFORMES","Anatidae","CRhe"
"13","Green-winged Teal","Anas crecca","Rare/Accidental","ANSERIFORMES","Anatidae","CRhe"
"14","Ring-necked Duck","Aythya collaris","","ANSERIFORMES","Anatidae","CRhe"
"15","Lesser Scaup","Aythya affinis","","ANSERIFORMES","Anatidae","CRhe"
"16","Masked Duck","Nomonyx dominicus","","ANSERIFORMES","Anatidae","CRhe"
"17","Black Guan","Chamaepetes unicolor","","GALLIFORMES","Cracidae","CRhe"
"18","Crested Guan","Penelope purpurascens","Near-threatened","GALLIFORMES","Cracidae","CRhe"
"19","Great Curassow","Crax rubra","Vulnerable","GALLIFORMES","Cracidae","CRhe"
"20","Plain Chachalaca","Ortalis vetula","","GALLIFORMES","Cracidae","CRhe"
"21","Gray-headed Chachalaca","Ortalis cinereiceps","","GALLIFORMES","Cracidae","CRhe"
"22","Tawny-faced Quail","Rhynchortyx cinctus","Near-threatened","GALLIFORMES","Odontophoridae","CRhe"
"23","Buffy-crowned Wood-Partridge","Dendrortyx leucophrys","","GALLIFORMES","Odontophoridae","CRhe"
"24","Spot-bellied Bobwhite","Colinus leucopogon","","GALLIFORMES","Odontophoridae","CRhe"
"25","Marbled Wood-Quail","Odontophorus gujanensis","","GALLIFORMES","Odontophoridae","CRhe"
"26","Black-eared Wood-Quail","Odontophorus melanotis","Near-threatened","GALLIFORMES","Odontophoridae","CRhe"
"27","Black-breasted Wood-Quail","Odontophorus leucolaemus","","GALLIFORMES","Odontophoridae","CRhe"
"28","Spotted Wood-Quail","Odontophorus guttatus","","GALLIFORMES","Odontophoridae","CRhe"
"29","Rock Pigeon","Columba livia","Introduced species","COLUMBIFORMES","Columbidae","CRhe"
"30","Pale-vented Pigeon","Patagioenas cayennensis","","COLUMBIFORMES","Columbidae","CRhe"
"31","Scaled Pigeon","Patagioenas speciosa","","COLUMBIFORMES","Columbidae","CRhe"
"32","Red-billed Pigeon","Patagioenas flavirostris","","COLUMBIFORMES","Columbidae","CRhe"
"33","Band-tailed Pigeon","Patagioenas fasciata","","COLUMBIFORMES","Columbidae","CRhe"
"34","Ruddy Pigeon","Patagioenas subvinacea","","COLUMBIFORMES","Columbidae","CRhe"
"35","Short-billed Pigeon","Patagioenas nigrirostris","","COLUMBIFORMES","Columbidae","CRhe"
"36","Eurasian Collared-Dove","Streptopelia decaocto","Introduced species","COLUMBIFORMES","Columbidae","CRhe"
"37","Inca Dove","Columbina inca","","COLUMBIFORMES","Columbidae","CRhe"
"38","Common Ground Dove","Columbina passerina","","COLUMBIFORMES","Columbidae","CRhe"
"39","Plain-breasted Ground Dove","Columbina minuta","","COLUMBIFORMES","Columbidae","CRhe"
"40","Ruddy Ground Dove","Columbina talpacoti","","COLUMBIFORMES","Columbidae","CRhe"
"41","Blue Ground Dove","Claravis pretiosa","","COLUMBIFORMES","Columbidae","CRhe"
"42","Maroon-chested Ground Dove","Paraclaravis mondetoura","","COLUMBIFORMES","Columbidae","CRhe"
"43","Ruddy Quail-Dove","Geotrygon montana","","COLUMBIFORMES","Columbidae","CRhe"
"44","Violaceous Quail-Dove","Geotrygon violacea","","COLUMBIFORMES","Columbidae","CRhe"
"45","Olive-backed Quail-Dove","Leptotrygon veraguensis","","COLUMBIFORMES","Columbidae","CRhe"
"46","White-tipped Dove","Leptotila verreauxi","","COLUMBIFORMES","Columbidae","CRhe"
"47","Gray-chested Dove","Leptotila cassinii","","COLUMBIFORMES","Columbidae","CRhe"
"48","Gray-headed Dove","Leptotila plumbeiceps","","COLUMBIFORMES","Columbidae","CRhe"
"49","Buff-fronted Quail-Dove","Zentrygon costaricensis","","COLUMBIFORMES","Columbidae","CRhe"
"50","Purplish-backed Quail-Dove","Zentrygon lawrencii","","COLUMBIFORMES","Columbidae","CRhe"
"51","Chiriqui Quail-Dove","Zentrygon chiriquensis","","COLUMBIFORMES","Columbidae","CRhe"
"52","White-winged Dove","Zenaida asiatica","","COLUMBIFORMES","Columbidae","CRhe"
"53","Mourning Dove","Zenaida macroura","","COLUMBIFORMES","Columbidae","CRhe"
"54","Greater Ani","Crotophaga major","Rare/Accidental","CUCULIFORMES","Cuculidae","CRhe"
"55","Smooth-billed Ani","Crotophaga ani","","CUCULIFORMES","Cuculidae","CRhe"
"56","Groove-billed Ani","Crotophaga sulcirostris","","CUCULIFORMES","Cuculidae","CRhe"
"57","Striped Cuckoo","Tapera naevia","","CUCULIFORMES","Cuculidae","CRhe"
"58","Pheasant Cuckoo","Dromococcyx phasianellus","","CUCULIFORMES","Cuculidae","CRhe"
"59","Lesser Ground-Cuckoo","Morococcyx erythropygus","","CUCULIFORMES","Cuculidae","CRhe"
"60","Rufous-vented Ground-Cuckoo","Neomorphus geoffroyi","","CUCULIFORMES","Cuculidae","CRhe"
"61","Common Squirrel-Cuckoo","Piaya cayana","","CUCULIFORMES","Cuculidae","CRhe"
"62","Yellow-billed Cuckoo","Coccyzus americanus","","CUCULIFORMES","Cuculidae","CRhe"
"63","Mangrove Cuckoo","Coccyzus minor","","CUCULIFORMES","Cuculidae","CRhe"
"64","Black-billed Cuckoo","Coccyzus erythropthalmus","","CUCULIFORMES","Cuculidae","CRhe"
"65","Lesser Nighthawk","Chordeiles acutipennis","","CAPRIMULGIFORMES","Caprimulgidae","CRhe"
"66","Common Nighthawk","Chordeiles minor","","CAPRIMULGIFORMES","Caprimulgidae","CRhe"
"67","Short-tailed Nighthawk","Lurocalis semitorquatus","","CAPRIMULGIFORMES","Caprimulgidae","CRhe"
"68","Common Pauraque","Nyctidromus albicollis","","CAPRIMULGIFORMES","Caprimulgidae","CRhe"
"69","Ocellated Poorwill","Nyctiphrynus ocellatus","","CAPRIMULGIFORMES","Caprimulgidae","CRhe"
"70","Chuck-will's-widow","Antrostomus carolinensis","Near-threatened","CAPRIMULGIFORMES","Caprimulgidae","CRhe"
"71","Eastern Whip-poor-will","Antrostomus vociferus","Rare/Accidental Near-threatened","CAPRIMULGIFORMES","Caprimulgidae","CRhe"
"72","Dusky Nightjar","Antrostomus saturatus","","CAPRIMULGIFORMES","Caprimulgidae","CRhe"
"73","Great Potoo","Nyctibius grandis","","NYCTIBIIFORMES","Nyctibiidae","CRhe"
"74","Common Potoo","Nyctibius griseus","","NYCTIBIIFORMES","Nyctibiidae","CRhe"
"75","Oilbird","Steatornis caripensis","Rare/Accidental","STEATORNITHIFORMES","Steatornithidae","CRhe"
"76","Black Swift","Cypseloides niger","Vulnerable","APODIFORMES","Apodidae","CRhe"
"77","White-chinned Swift","Cypseloides cryptus","","APODIFORMES","Apodidae","CRhe"
"78","Spot-fronted Swift","Cypseloides cherriei","","APODIFORMES","Apodidae","CRhe"
"79","Chestnut-collared Swift","Streptoprocne rutila","","APODIFORMES","Apodidae","CRhe"
"80","White-collared Swift","Streptoprocne zonaris","","APODIFORMES","Apodidae","CRhe"
"81","Gray-rumped Swift","Chaetura cinereiventris","","APODIFORMES","Apodidae","CRhe"
"82","Costa Rican Swift","Chaetura fumosa","","APODIFORMES","Apodidae","CRhe"
"83","Chimney Swift","Chaetura pelagica","Vulnerable","APODIFORMES","Apodidae","CRhe"
"84","Vaux's Swift","Chaetura vauxi","","APODIFORMES","Apodidae","CRhe"
"85","Lesser Swallow-tailed Swift","Panyptila cayennensis","","APODIFORMES","Apodidae","CRhe"
"86","Great Swallow-tailed Swift","Panyptila sanctihieronymi","Rare/Accidental","APODIFORMES","Apodidae","CRhe"
"87","White-necked Jacobin","Florisuga mellivora","","APODIFORMES","Trochilidae","CRhe"
"88","White-tipped Sicklebill","Eutoxeres aquila","","APODIFORMES","Trochilidae","CRhe"
"89","Bronzy Hermit","Glaucis aeneus","","APODIFORMES","Trochilidae","CRhe"
"90","Band-tailed Barbthroat","Threnetes ruckeri","","APODIFORMES","Trochilidae","CRhe"
"91","Green Hermit","Phaethornis guy","","APODIFORMES","Trochilidae","CRhe"
"92","Long-billed Hermit","Phaethornis longirostris","","APODIFORMES","Trochilidae","CRhe"
"93","Stripe-throated Hermit","Phaethornis striigularis","","APODIFORMES","Trochilidae","CRhe"
"94","Green-fronted Lancebill","Doryfera ludovicae","","APODIFORMES","Trochilidae","CRhe"
"95","Brown Violetear","Colibri delphinae","","APODIFORMES","Trochilidae","CRhe"
"96","Mexican Violetear","Colibri thalassinus","","APODIFORMES","Trochilidae","CRhe"
"97","Lesser Violetear","Colibri cyanotus","","APODIFORMES","Trochilidae","CRhe"
"98","Purple-crowned Fairy","Heliothryx barroti","","APODIFORMES","Trochilidae","CRhe"
"99","Green-breasted Mango","Anthracothorax prevostii","","APODIFORMES","Trochilidae","CRhe"
"100","Green Thorntail","Discosura conversii","","APODIFORMES","Trochilidae","CRhe"
"101","Black-crested Coquette","Lophornis helenae","","APODIFORMES","Trochilidae","CRhe"
"102","White-crested Coquette","Lophornis adorabilis","","APODIFORMES","Trochilidae","CRhe"
"103","Green-crowned Brilliant","Heliodoxa jacula","","APODIFORMES","Trochilidae","CRhe"
"104","Rivoli's Hummingbird","Eugenes fulgens","","APODIFORMES","Trochilidae","CRhe"
"105","Talamanca Hummingbird","Eugenes spectabilis","","APODIFORMES","Trochilidae","CRhe"
"106","Long-billed Starthroat","Heliomaster longirostris","","APODIFORMES","Trochilidae","CRhe"
"107","Plain-capped Starthroat","Heliomaster constantii","","APODIFORMES","Trochilidae","CRhe"
"108","Fiery-throated Hummingbird","Panterpe insignis","","APODIFORMES","Trochilidae","CRhe"
"109","White-bellied Mountain-gem","Lampornis hemileucus","","APODIFORMES","Trochilidae","CRhe"
"110","Purple-throated Mountain-gem","Lampornis calolaemus","","APODIFORMES","Trochilidae","CRhe"
"111","Magenta-throated Woodstar","Philodice bryantae","","APODIFORMES","Trochilidae","CRhe"
"112","Ruby-throated Hummingbird","Archilochus colubris","","APODIFORMES","Trochilidae","CRhe"
"113","Volcano Hummingbird","Selasphorus flammula","","APODIFORMES","Trochilidae","CRhe"
"114","Scintillant Hummingbird","Selasphorus scintilla","","APODIFORMES","Trochilidae","CRhe"
"115","Canivet's Emerald","Cynanthus canivetii","","APODIFORMES","Trochilidae","CRhe"
"116","Garden Emerald","Chlorostilbon assimilis","","APODIFORMES","Trochilidae","CRhe"
"117","Violet-headed Hummingbird","Klais guimeti","","APODIFORMES","Trochilidae","CRhe"
"118","Violet Sabrewing","Campylopterus hemileucurus","","APODIFORMES","Trochilidae","CRhe"
"119","Bronze-tailed Plumeleteer","Chalybura urochrysia","","APODIFORMES","Trochilidae","CRhe"
"120","Crowned Woodnymph","Thalurania colombica","","APODIFORMES","Trochilidae","CRhe"
"121","Snowcap","Microchera albocoronata","","APODIFORMES","Trochilidae","CRhe"
"122","Coppery-headed Emerald","Microchera cupreiceps","Endemic (country/region)","APODIFORMES","Trochilidae","CRhe"
"123","White-tailed Emerald","Microchera chionura","","APODIFORMES","Trochilidae","CRhe"
"124","Stripe-tailed Hummingbird","Eupherusa eximia","","APODIFORMES","Trochilidae","CRhe"
"125","Black-bellied Hummingbird","Eupherusa nigriventris","","APODIFORMES","Trochilidae","CRhe"
"126","Scaly-breasted Hummingbird","Phaeochroa cuvierii","","APODIFORMES","Trochilidae","CRhe"
"127","Blue-vented Hummingbird","Saucerottia hoffmanni","","APODIFORMES","Trochilidae","CRhe"
"128","Blue-tailed Hummingbird","Saucerottia cyanura","Rare/Accidental","APODIFORMES","Trochilidae","CRhe"
"129","Cinnamon Hummingbird","Amazilia rutila","","APODIFORMES","Trochilidae","CRhe"
"130","Rufous-tailed Hummingbird","Amazilia tzacatl","","APODIFORMES","Trochilidae","CRhe"
"131","Blue-chested Hummingbird","Polyerata amabilis","","APODIFORMES","Trochilidae","CRhe"
"132","Charming Hummingbird","Polyerata decora","","APODIFORMES","Trochilidae","CRhe"
"133","Blue-throated Goldentail","Chlorestes eliciae","","APODIFORMES","Trochilidae","CRhe"
"134","Spotted Rail","Pardirallus maculatus","","GRUIFORMES","Rallidae","CRhe"
"135","Paint-billed Crake","Mustelirallus erythrops","Rare/Accidental","GRUIFORMES","Rallidae","CRhe"
"136","Uniform Crake","Amaurolimnas concolor","","GRUIFORMES","Rallidae","CRhe"
"137","Rufous-necked Wood-Rail","Aramides axillaris","","GRUIFORMES","Rallidae","CRhe"
"138","Russet-naped Wood-Rail","Aramides albiventris","","GRUIFORMES","Rallidae","CRhe"
"139","Gray-cowled Wood-Rail","Aramides cajaneus","","GRUIFORMES","Rallidae","CRhe"
"140","Sora","Porzana carolina","","GRUIFORMES","Rallidae","CRhe"
"141","Common Gallinule","Gallinula galeata","","GRUIFORMES","Rallidae","CRhe"
"142","American Coot","Fulica americana","","GRUIFORMES","Rallidae","CRhe"
"143","Purple Gallinule","Porphyrio martinica","","GRUIFORMES","Rallidae","CRhe"
"144","White-throated Crake","Laterallus albigularis","","GRUIFORMES","Rallidae","CRhe"
"145","Gray-breasted Crake","Laterallus exilis","","GRUIFORMES","Rallidae","CRhe"
"146","Sungrebe","Heliornis fulica","","GRUIFORMES","Heliornithidae","CRhe"
"147","Limpkin","Aramus guarauna","","GRUIFORMES","Aramidae","CRhe"
"148","Double-striped Thick-knee","Hesperoburhinus bistriatus","","CHARADRIIFORMES","Burhinidae","CRhe"
"149","Black-necked Stilt","Himantopus mexicanus","","CHARADRIIFORMES","Recurvirostridae","CRhe"
"150","American Oystercatcher","Haematopus palliatus","","CHARADRIIFORMES","Haematopodidae","CRhe"
"151","Black-bellied Plover","Pluvialis squatarola","Vulnerable","CHARADRIIFORMES","Charadriidae","CRhe"
"152","American Golden-Plover","Pluvialis dominica","","CHARADRIIFORMES","Charadriidae","CRhe"
"153","Killdeer","Charadrius vociferus","Near-threatened","CHARADRIIFORMES","Charadriidae","CRhe"
"154","Semipalmated Plover","Charadrius semipalmatus","","CHARADRIIFORMES","Charadriidae","CRhe"
"155","Southern Lapwing","Vanellus chilensis","","CHARADRIIFORMES","Charadriidae","CRhe"
"156","Collared Plover","Anarhynchus collaris","","CHARADRIIFORMES","Charadriidae","CRhe"
"157","Northern Jacana","Jacana spinosa","","CHARADRIIFORMES","Jacanidae","CRhe"
"158","Upland Sandpiper","Bartramia longicauda","","CHARADRIIFORMES","Scolopacidae","CRhe"
"159","Hudsonian Whimbrel","Numenius hudsonicus","","CHARADRIIFORMES","Scolopacidae","CRhe"
"160","Short-billed Dowitcher","Limnodromus griseus","Vulnerable","CHARADRIIFORMES","Scolopacidae","CRhe"
"161","Long-billed Dowitcher","Limnodromus scolopaceus","Near-threatened","CHARADRIIFORMES","Scolopacidae","CRhe"
"162","Wilson's Snipe","Gallinago delicata","","CHARADRIIFORMES","Scolopacidae","CRhe"
"163","Spotted Sandpiper","Actitis macularius","","CHARADRIIFORMES","Scolopacidae","CRhe"
"164","Solitary Sandpiper","Tringa solitaria","","CHARADRIIFORMES","Scolopacidae","CRhe"
"165","Lesser Yellowlegs","Tringa flavipes","Vulnerable","CHARADRIIFORMES","Scolopacidae","CRhe"
"166","Willet","Tringa semipalmata","","CHARADRIIFORMES","Scolopacidae","CRhe"
"167","Greater Yellowlegs","Tringa melanoleuca","Near-threatened","CHARADRIIFORMES","Scolopacidae","CRhe"
"168","Stilt Sandpiper","Calidris himantopus","Near-threatened","CHARADRIIFORMES","Scolopacidae","CRhe"
"169","Buff-breasted Sandpiper","Calidris subruficollis","Vulnerable","CHARADRIIFORMES","Scolopacidae","CRhe"
"170","Sanderling","Calidris alba","","CHARADRIIFORMES","Scolopacidae","CRhe"
"171","Baird's Sandpiper","Calidris bairdii","","CHARADRIIFORMES","Scolopacidae","CRhe"
"172","White-rumped Sandpiper","Calidris fuscicollis","Vulnerable","CHARADRIIFORMES","Scolopacidae","CRhe"
"173","Least Sandpiper","Calidris minutilla","Near-threatened","CHARADRIIFORMES","Scolopacidae","CRhe"
"174","Pectoral Sandpiper","Calidris melanotos","","CHARADRIIFORMES","Scolopacidae","CRhe"
"175","Western Sandpiper","Calidris mauri","","CHARADRIIFORMES","Scolopacidae","CRhe"
"176","Semipalmated Sandpiper","Calidris pusilla","Near-threatened","CHARADRIIFORMES","Scolopacidae","CRhe"
"177","Pomarine Jaeger","Stercorarius pomarinus","Rare/Accidental","CHARADRIIFORMES","Stercorariidae","CRhe"
"178","Sabine's Gull","Xema sabini","","CHARADRIIFORMES","Laridae","CRhe"
"179","Laughing Gull","Leucophaeus atricilla","","CHARADRIIFORMES","Laridae","CRhe"
"180","Black Skimmer","Rynchops niger","","CHARADRIIFORMES","Laridae","CRhe"
"181","Sooty Tern","Onychoprion fuscatus","Rare/Accidental","CHARADRIIFORMES","Laridae","CRhe"
"182","Gull-billed Tern","Gelochelidon nilotica","","CHARADRIIFORMES","Laridae","CRhe"
"183","Black Tern","Chlidonias niger","","CHARADRIIFORMES","Laridae","CRhe"
"184","Royal Tern","Thalasseus maximus","Rare/Accidental","CHARADRIIFORMES","Laridae","CRhe"
"185","Least Grebe","Tachybaptus dominicus","","PODICIPEDIFORMES","Podicipedidae","CRhe"
"186","Pied-billed Grebe","Podilymbus podiceps","","PODICIPEDIFORMES","Podicipedidae","CRhe"
"187","Sunbittern","Eurypyga helias","","EURYPYGIFORMES","Eurypygidae","CRhe"
"188","Jabiru","Jabiru mycteria","","CICONIIFORMES","Ciconiidae","CRhe"
"189","Wood Stork","Mycteria americana","","CICONIIFORMES","Ciconiidae","CRhe"
"190","Magnificent Frigatebird","Fregata magnificens","","SULIFORMES","Fregatidae","CRhe"
"191","Anhinga","Anhinga anhinga","","SULIFORMES","Anhingidae","CRhe"
"192","Neotropic Cormorant","Nannopterum brasilianum","","SULIFORMES","Phalacrocoracidae","CRhe"
"193","White Ibis","Eudocimus albus","","PELECANIFORMES","Threskiornithidae","CRhe"
"194","Glossy Ibis","Plegadis falcinellus","","PELECANIFORMES","Threskiornithidae","CRhe"
"195","Green Ibis","Mesembrinibis cayennensis","","PELECANIFORMES","Threskiornithidae","CRhe"
"196","Roseate Spoonbill","Platalea ajaja","","PELECANIFORMES","Threskiornithidae","CRhe"
"197","Rufescent Tiger-Heron","Tigrisoma lineatum","","PELECANIFORMES","Ardeidae","CRhe"
"198","Bare-throated Tiger-Heron","Tigrisoma mexicanum","","PELECANIFORMES","Ardeidae","CRhe"
"199","Fasciated Tiger-Heron","Tigrisoma fasciatum","","PELECANIFORMES","Ardeidae","CRhe"
"200","Boat-billed Heron","Cochlearius cochlearius","","PELECANIFORMES","Ardeidae","CRhe"
"201","Agami Heron","Agamia agami","Near-threatened","PELECANIFORMES","Ardeidae","CRhe"
"202","Pinnated Bittern","Botaurus pinnatus","","PELECANIFORMES","Ardeidae","CRhe"
"203","Least Bittern","Botaurus exilis","","PELECANIFORMES","Ardeidae","CRhe"
"204","Yellow-crowned Night Heron","Nyctanassa violacea","","PELECANIFORMES","Ardeidae","CRhe"
"205","Black-crowned Night Heron","Nycticorax nycticorax","","PELECANIFORMES","Ardeidae","CRhe"
"206","Little Blue Heron","Egretta caerulea","","PELECANIFORMES","Ardeidae","CRhe"
"207","Tricolored Heron","Egretta tricolor","","PELECANIFORMES","Ardeidae","CRhe"
"208","Reddish Egret","Egretta rufescens","Near-threatened","PELECANIFORMES","Ardeidae","CRhe"
"209","Snowy Egret","Egretta thula","","PELECANIFORMES","Ardeidae","CRhe"
"210","Striated Heron","Butorides striata","Rare/Accidental","PELECANIFORMES","Ardeidae","CRhe"
"211","Green Heron","Butorides virescens","","PELECANIFORMES","Ardeidae","CRhe"
"212","Western Cattle-Egret","Ardea ibis","","PELECANIFORMES","Ardeidae","CRhe"
"213","Great Egret","Ardea alba","","PELECANIFORMES","Ardeidae","CRhe"
"214","Great Blue Heron","Ardea herodias","","PELECANIFORMES","Ardeidae","CRhe"
"215","American White Pelican","Pelecanus erythrorhynchos","Rare/Accidental","PELECANIFORMES","Pelecanidae","CRhe"
"216","Brown Pelican","Pelecanus occidentalis","","PELECANIFORMES","Pelecanidae","CRhe"
"217","King Vulture","Sarcoramphus papa","","CATHARTIFORMES","Cathartidae","CRhe"
"218","Black Vulture","Coragyps atratus","","CATHARTIFORMES","Cathartidae","CRhe"
"219","Turkey Vulture","Cathartes aura","","CATHARTIFORMES","Cathartidae","CRhe"
"220","Lesser Yellow-headed Vulture","Cathartes burrovianus","","CATHARTIFORMES","Cathartidae","CRhe"
"221","Osprey","Pandion haliaetus","","ACCIPITRIFORMES","Pandionidae","CRhe"
"222","Pearl Kite","Gampsonyx swainsonii","","ACCIPITRIFORMES","Accipitridae","CRhe"
"223","White-tailed Kite","Elanus leucurus","","ACCIPITRIFORMES","Accipitridae","CRhe"
"224","Hook-billed Kite","Chondrohierax uncinatus","","ACCIPITRIFORMES","Accipitridae","CRhe"
"225","Gray-headed Kite","Leptodon cayanensis","","ACCIPITRIFORMES","Accipitridae","CRhe"
"226","Swallow-tailed Kite","Elanoides forficatus","","ACCIPITRIFORMES","Accipitridae","CRhe"
"227","Black Hawk-Eagle","Spizaetus tyrannus","","ACCIPITRIFORMES","Accipitridae","CRhe"
"228","Black-and-white Hawk-Eagle","Spizaetus melanoleucus","","ACCIPITRIFORMES","Accipitridae","CRhe"
"229","Ornate Hawk-Eagle","Spizaetus ornatus","Near-threatened","ACCIPITRIFORMES","Accipitridae","CRhe"
"230","Crested Eagle","Morphnus guianensis","Near-threatened","ACCIPITRIFORMES","Accipitridae","CRhe"
"231","Harpy Eagle","Harpia harpyja","Vulnerable","ACCIPITRIFORMES","Accipitridae","CRhe"
"232","Gray-bellied Hawk","Accipiter poliogaster","Rare/Accidental Near-threatened","ACCIPITRIFORMES","Accipitridae","CRhe"
"233","Sharp-shinned Hawk","Accipiter striatus","","ACCIPITRIFORMES","Accipitridae","CRhe"
"234","Bicolored Hawk","Astur bicolor","","ACCIPITRIFORMES","Accipitridae","CRhe"
"235","Cooper's Hawk","Astur cooperii","","ACCIPITRIFORMES","Accipitridae","CRhe"
"236","Northern Harrier","Circus hudsonius","","ACCIPITRIFORMES","Accipitridae","CRhe"
"237","Tiny Hawk","Microspizias superciliosus","","ACCIPITRIFORMES","Accipitridae","CRhe"
"238","Double-toothed Kite","Harpagus bidentatus","","ACCIPITRIFORMES","Accipitridae","CRhe"
"239","Mississippi Kite","Ictinia mississippiensis","","ACCIPITRIFORMES","Accipitridae","CRhe"
"240","Plumbeous Kite","Ictinia plumbea","","ACCIPITRIFORMES","Accipitridae","CRhe"
"241","Crane Hawk","Geranospiza caerulescens","","ACCIPITRIFORMES","Accipitridae","CRhe"
"242","Black-collared Hawk","Busarellus nigricollis","","ACCIPITRIFORMES","Accipitridae","CRhe"
"243","Snail Kite","Rostrhamus sociabilis","","ACCIPITRIFORMES","Accipitridae","CRhe"
"244","Barred Hawk","Morphnarchus princeps","","ACCIPITRIFORMES","Accipitridae","CRhe"
"245","Common Black Hawk","Buteogallus anthracinus","","ACCIPITRIFORMES","Accipitridae","CRhe"
"246","Great Black Hawk","Buteogallus urubitinga","","ACCIPITRIFORMES","Accipitridae","CRhe"
"247","Solitary Eagle","Buteogallus solitarius","Rare/Accidental Near-threatened","ACCIPITRIFORMES","Accipitridae","CRhe"
"248","Roadside Hawk","Rupornis magnirostris","","ACCIPITRIFORMES","Accipitridae","CRhe"
"249","Harris's Hawk","Parabuteo unicinctus","","ACCIPITRIFORMES","Accipitridae","CRhe"
"250","White-tailed Hawk","Geranoaetus albicaudatus","","ACCIPITRIFORMES","Accipitridae","CRhe"
"251","White Hawk","Pseudastur albicollis","","ACCIPITRIFORMES","Accipitridae","CRhe"
"252","Semiplumbeous Hawk","Leucopternis semiplumbeus","","ACCIPITRIFORMES","Accipitridae","CRhe"
"253","Gray Hawk","Buteo plagiatus","","ACCIPITRIFORMES","Accipitridae","CRhe"
"254","Gray-lined Hawk","Buteo nitidus","","ACCIPITRIFORMES","Accipitridae","CRhe"
"255","Broad-winged Hawk","Buteo platypterus","","ACCIPITRIFORMES","Accipitridae","CRhe"
"256","Zone-tailed Hawk","Buteo albonotatus","","ACCIPITRIFORMES","Accipitridae","CRhe"
"257","Short-tailed Hawk","Buteo brachyurus","","ACCIPITRIFORMES","Accipitridae","CRhe"
"258","Swainson's Hawk","Buteo swainsoni","","ACCIPITRIFORMES","Accipitridae","CRhe"
"259","Red-tailed Hawk","Buteo jamaicensis","","ACCIPITRIFORMES","Accipitridae","CRhe"
"260","American Barn Owl","Tyto furcata","","STRIGIFORMES","Tytonidae","CRhe"
"261","Bare-shanked Screech-Owl","Megascops clarkii","","STRIGIFORMES","Strigidae","CRhe"
"262","Tropical Screech-Owl","Megascops choliba","","STRIGIFORMES","Strigidae","CRhe"
"263","Middle American Screech-Owl","Megascops guatemalae","","STRIGIFORMES","Strigidae","CRhe"
"264","Choco Screech-Owl","Megascops centralis","","STRIGIFORMES","Strigidae","CRhe"
"265","Pacific Screech-Owl","Megascops cooperi","","STRIGIFORMES","Strigidae","CRhe"
"266","Crested Owl","Lophostrix cristata","","STRIGIFORMES","Strigidae","CRhe"
"267","Spectacled Owl","Pulsatrix perspicillata","","STRIGIFORMES","Strigidae","CRhe"
"268","Great Horned Owl","Bubo virginianus","","STRIGIFORMES","Strigidae","CRhe"
"269","Costa Rican Pygmy-Owl","Glaucidium costaricanum","","STRIGIFORMES","Strigidae","CRhe"
"270","Central American Pygmy-Owl","Glaucidium griseiceps","","STRIGIFORMES","Strigidae","CRhe"
"271","Ferruginous Pygmy-Owl","Glaucidium brasilianum","","STRIGIFORMES","Strigidae","CRhe"
"272","Mottled Owl","Strix virgata","","STRIGIFORMES","Strigidae","CRhe"
"273","Black-and-white Owl","Strix nigrolineata","","STRIGIFORMES","Strigidae","CRhe"
"274","Striped Owl","Asio clamator","","STRIGIFORMES","Strigidae","CRhe"
"275","Unspotted Saw-whet Owl","Aegolius ridgwayi","","STRIGIFORMES","Strigidae","CRhe"
"276","Resplendent Quetzal","Pharomachrus mocinno","Near-threatened","TROGONIFORMES","Trogonidae","CRhe"
"277","Lattice-tailed Trogon","Trogon clathratus","","TROGONIFORMES","Trogonidae","CRhe"
"278","Slaty-tailed Trogon","Trogon massena","","TROGONIFORMES","Trogonidae","CRhe"
"279","Black-headed Trogon","Trogon melanocephalus","","TROGONIFORMES","Trogonidae","CRhe"
"280","Baird's Trogon","Trogon bairdii","Near-threatened","TROGONIFORMES","Trogonidae","CRhe"
"281","Gartered Violaceous Trogon","Trogon caligatus","","TROGONIFORMES","Trogonidae","CRhe"
"282","Graceful Black-throated Trogon","Trogon tenellus","","TROGONIFORMES","Trogonidae","CRhe"
"283","Elegant Trogon","Trogon elegans","","TROGONIFORMES","Trogonidae","CRhe"
"284","Collared Trogon","Trogon collaris","","TROGONIFORMES","Trogonidae","CRhe"
"285","Lesson's Motmot","Momotus lessonii","","CORACIIFORMES","Momotidae","CRhe"
"286","Rufous Motmot","Baryphthengus martii","","CORACIIFORMES","Momotidae","CRhe"
"287","Keel-billed Motmot","Electron carinatum","Vulnerable","CORACIIFORMES","Momotidae","CRhe"
"288","Broad-billed Motmot","Electron platyrhynchum","","CORACIIFORMES","Momotidae","CRhe"
"289","Turquoise-browed Motmot","Eumomota superciliosa","","CORACIIFORMES","Momotidae","CRhe"
"290","Ringed Kingfisher","Megaceryle torquata","","CORACIIFORMES","Alcedinidae","CRhe"
"291","Belted Kingfisher","Megaceryle alcyon","","CORACIIFORMES","Alcedinidae","CRhe"
"292","Amazon Kingfisher","Chloroceryle amazona","","CORACIIFORMES","Alcedinidae","CRhe"
"293","American Pygmy Kingfisher","Chloroceryle aenea","","CORACIIFORMES","Alcedinidae","CRhe"
"294","Green Kingfisher","Chloroceryle americana","","CORACIIFORMES","Alcedinidae","CRhe"
"295","Green-and-rufous Kingfisher","Chloroceryle inda","","CORACIIFORMES","Alcedinidae","CRhe"
"296","White-necked Puffbird","Notharchus hyperrhynchus","","GALBULIFORMES","Bucconidae","CRhe"
"297","Pied Puffbird","Notharchus tectus","","GALBULIFORMES","Bucconidae","CRhe"
"298","White-whiskered Puffbird","Malacoptila panamensis","","GALBULIFORMES","Bucconidae","CRhe"
"299","Lanceolated Monklet","Micromonacha lanceolata","","GALBULIFORMES","Bucconidae","CRhe"
"300","White-fronted Nunbird","Monasa morphoeus","","GALBULIFORMES","Bucconidae","CRhe"
"301","Rufous-tailed Jacamar","Galbula ruficauda","","GALBULIFORMES","Galbulidae","CRhe"
"302","Great Jacamar","Jacamerops aureus","","GALBULIFORMES","Galbulidae","CRhe"
"303","Red-headed Barbet","Eubucco bourcierii","","PICIFORMES","Capitonidae","CRhe"
"304","Prong-billed Barbet","Semnornis frantzii","","PICIFORMES","Semnornithidae","CRhe"
"305","Northern Emerald-Toucanet","Aulacorhynchus prasinus","","PICIFORMES","Ramphastidae","CRhe"
"306","Collared Aracari","Pteroglossus torquatus","","PICIFORMES","Ramphastidae","CRhe"
"307","Fiery-billed Aracari","Pteroglossus frantzii","","PICIFORMES","Ramphastidae","CRhe"
"308","Yellow-eared Toucanet","Selenidera spectabilis","","PICIFORMES","Ramphastidae","CRhe"
"309","Yellow-throated Toucan","Ramphastos ambiguus","","PICIFORMES","Ramphastidae","CRhe"
"310","Keel-billed Toucan","Ramphastos sulfuratus","Near-threatened","PICIFORMES","Ramphastidae","CRhe"
"311","Olivaceous Piculet","Picumnus olivaceus","","PICIFORMES","Picidae","CRhe"
"312","Yellow-bellied Sapsucker","Sphyrapicus varius","","PICIFORMES","Picidae","CRhe"
"313","Acorn Woodpecker","Melanerpes formicivorus","","PICIFORMES","Picidae","CRhe"
"314","Golden-naped Woodpecker","Melanerpes chrysauchen","","PICIFORMES","Picidae","CRhe"
"315","Black-cheeked Woodpecker","Melanerpes pucherani","","PICIFORMES","Picidae","CRhe"
"316","Red-crowned Woodpecker","Melanerpes rubricapillus","","PICIFORMES","Picidae","CRhe"
"317","Hoffmann's Woodpecker","Melanerpes hoffmannii","","PICIFORMES","Picidae","CRhe"
"318","Hairy Woodpecker","Leuconotopicus villosus","","PICIFORMES","Picidae","CRhe"
"319","Smoky-brown Woodpecker","Leuconotopicus fumigatus","","PICIFORMES","Picidae","CRhe"
"320","Pale-billed Woodpecker","Campephilus guatemalensis","","PICIFORMES","Picidae","CRhe"
"321","Lineated Woodpecker","Dryocopus lineatus","","PICIFORMES","Picidae","CRhe"
"322","Cinnamon Woodpecker","Celeus loricatus","","PICIFORMES","Picidae","CRhe"
"323","Chestnut-colored Woodpecker","Celeus castaneus","","PICIFORMES","Picidae","CRhe"
"324","Rufous-winged Woodpecker","Piculus simplex","","PICIFORMES","Picidae","CRhe"
"325","Golden-olive Woodpecker","Colaptes rubiginosus","","PICIFORMES","Picidae","CRhe"
"326","Laughing Falcon","Herpetotheres cachinnans","","FALCONIFORMES","Falconidae","CRhe"
"327","Collared Forest-Falcon","Micrastur semitorquatus","","FALCONIFORMES","Falconidae","CRhe"
"328","Slaty-backed Forest-Falcon","Micrastur mirandollei","","FALCONIFORMES","Falconidae","CRhe"
"329","Barred Forest-Falcon","Micrastur ruficollis","","FALCONIFORMES","Falconidae","CRhe"
"330","Crested Caracara","Caracara plancus","","FALCONIFORMES","Falconidae","CRhe"
"331","Red-throated Caracara","Ibycter americanus","","FALCONIFORMES","Falconidae","CRhe"
"332","Yellow-headed Caracara","Daptrius chimachima","","FALCONIFORMES","Falconidae","CRhe"
"333","American Kestrel","Falco sparverius","","FALCONIFORMES","Falconidae","CRhe"
"334","Merlin","Falco columbarius","","FALCONIFORMES","Falconidae","CRhe"
"335","Aplomado Falcon","Falco femoralis","Rare/Accidental","FALCONIFORMES","Falconidae","CRhe"
"336","Bat Falcon","Falco rufigularis","","FALCONIFORMES","Falconidae","CRhe"
"337","Orange-breasted Falcon","Falco deiroleucus","Rare/Accidental Near-threatened","FALCONIFORMES","Falconidae","CRhe"
"338","Peregrine Falcon","Falco peregrinus","","FALCONIFORMES","Falconidae","CRhe"
"339","Red-fronted Parrotlet","Touit costaricensis","Near-threatened","PSITTACIFORMES","Psittacidae","CRhe"
"340","Barred Parakeet","Bolborhynchus lineola","","PSITTACIFORMES","Psittacidae","CRhe"
"341","Orange-chinned Parakeet","Brotogeris jugularis","","PSITTACIFORMES","Psittacidae","CRhe"
"342","Brown-hooded Parrot","Pyrilia haematotis","","PSITTACIFORMES","Psittacidae","CRhe"
"343","Blue-headed Parrot","Pionus menstruus","","PSITTACIFORMES","Psittacidae","CRhe"
"344","White-crowned Parrot","Pionus senilis","","PSITTACIFORMES","Psittacidae","CRhe"
"345","Red-lored Amazon","Amazona autumnalis","","PSITTACIFORMES","Psittacidae","CRhe"
"346","Yellow-naped Amazon","Amazona auropalliata","Critically endangered","PSITTACIFORMES","Psittacidae","CRhe"
"347","White-fronted Amazon","Amazona albifrons","","PSITTACIFORMES","Psittacidae","CRhe"
"348","Mealy Amazon","Amazona farinosa","","PSITTACIFORMES","Psittacidae","CRhe"
"349","Sulphur-winged Parakeet","Pyrrhura hoffmanni","","PSITTACIFORMES","Psittacidae","CRhe"
"350","Olive-throated Parakeet","Eupsittula nana","","PSITTACIFORMES","Psittacidae","CRhe"
"351","Orange-fronted Parakeet","Eupsittula canicularis","Vulnerable","PSITTACIFORMES","Psittacidae","CRhe"
"352","Great Green Macaw","Ara ambiguus","Critically endangered","PSITTACIFORMES","Psittacidae","CRhe"
"353","Scarlet Macaw","Ara macao","","PSITTACIFORMES","Psittacidae","CRhe"
"354","Crimson-fronted Parakeet","Psittacara finschi","","PSITTACIFORMES","Psittacidae","CRhe"
"355","Rufous-rumped Antwren","Euchrepomis callinota","","PASSERIFORMES","Thamnophilidae","CRhe"
"356","Fasciated Antshrike","Cymbilaimus lineatus","","PASSERIFORMES","Thamnophilidae","CRhe"
"357","Great Antshrike","Taraba major","","PASSERIFORMES","Thamnophilidae","CRhe"
"358","Barred Antshrike","Thamnophilus doliatus","","PASSERIFORMES","Thamnophilidae","CRhe"
"359","Black-crowned Antshrike","Thamnophilus atrinucha","","PASSERIFORMES","Thamnophilidae","CRhe"
"360","Black-hooded Antshrike","Thamnophilus bridgesi","","PASSERIFORMES","Thamnophilidae","CRhe"
"361","Russet Antshrike","Thamnistes anabatinus","","PASSERIFORMES","Thamnophilidae","CRhe"
"362","Plain Antvireo","Dysithamnus mentalis","","PASSERIFORMES","Thamnophilidae","CRhe"
"363","Streak-crowned Antvireo","Dysithamnus striaticeps","Near-threatened","PASSERIFORMES","Thamnophilidae","CRhe"
"364","Checker-throated Stipplethroat","Epinecrophylla fulviventris","","PASSERIFORMES","Thamnophilidae","CRhe"
"365","White-flanked Antwren","Myrmotherula axillaris","","PASSERIFORMES","Thamnophilidae","CRhe"
"366","Slaty Antwren","Myrmotherula schisticolor","","PASSERIFORMES","Thamnophilidae","CRhe"
"367","Dot-winged Antwren","Microrhopias quixensis","","PASSERIFORMES","Thamnophilidae","CRhe"
"368","Dusky Antbird","Cercomacroides tyrannina","","PASSERIFORMES","Thamnophilidae","CRhe"
"369","Bare-crowned Antbird","Gymnocichla nudiceps","","PASSERIFORMES","Thamnophilidae","CRhe"
"370","Chestnut-backed Antbird","Poliocrania exsul","","PASSERIFORMES","Thamnophilidae","CRhe"
"371","Dull-mantled Antbird","Sipia laemosticta","","PASSERIFORMES","Thamnophilidae","CRhe"
"372","Zeledon's Antbird","Hafferia zeledoni","","PASSERIFORMES","Thamnophilidae","CRhe"
"373","Bicolored Antbird","Gymnopithys bicolor","","PASSERIFORMES","Thamnophilidae","CRhe"
"374","Spotted Antbird","Hylophylax naevioides","","PASSERIFORMES","Thamnophilidae","CRhe"
"375","Ocellated Antbird","Phaenostictus mcleannani","","PASSERIFORMES","Thamnophilidae","CRhe"
"376","Black-crowned Antpitta","Pittasoma michleri","","PASSERIFORMES","Conopophagidae","CRhe"
"377","Scaled Antpitta","Grallaria guatimalensis","","PASSERIFORMES","Grallariidae","CRhe"
"378","Streak-chested Antpitta","Hylopezus perspicillatus","","PASSERIFORMES","Grallariidae","CRhe"
"379","Thicket Antpitta","Myrmothera dives","","PASSERIFORMES","Grallariidae","CRhe"
"380","Ochre-breasted Antpitta","Grallaricula flavirostris","","PASSERIFORMES","Grallariidae","CRhe"
"381","Silvery-fronted Tapaculo","Scytalopus argentifrons","","PASSERIFORMES","Rhinocryptidae","CRhe"
"382","Black-faced Antthrush","Formicarius analis","","PASSERIFORMES","Formicariidae","CRhe"
"383","Black-capped Antthrush","Formicarius nigricapillus","","PASSERIFORMES","Formicariidae","CRhe"
"384","Rufous-breasted Antthrush","Formicarius rufipectus","","PASSERIFORMES","Formicariidae","CRhe"
"385","Middle American Leaftosser","Sclerurus mexicanus","","PASSERIFORMES","Furnariidae","CRhe"
"386","Scaly-throated Leaftosser","Sclerurus guatemalensis","","PASSERIFORMES","Furnariidae","CRhe"
"387","Gray-throated Leaftosser","Sclerurus albigularis","","PASSERIFORMES","Furnariidae","CRhe"
"388","Olivaceous Woodcreeper","Sittasomus griseicapillus","","PASSERIFORMES","Furnariidae","CRhe"
"389","Piping Long-tailed Woodcreeper","Deconychura typica","","PASSERIFORMES","Furnariidae","CRhe"
"390","Ruddy Woodcreeper","Dendrocincla homochroa","","PASSERIFORMES","Furnariidae","CRhe"
"391","Tawny-winged Woodcreeper","Dendrocincla anabatina","","PASSERIFORMES","Furnariidae","CRhe"
"392","Plain-brown Woodcreeper","Dendrocincla fuliginosa","","PASSERIFORMES","Furnariidae","CRhe"
"393","Wedge-billed Woodcreeper","Glyphorynchus spirurus","","PASSERIFORMES","Furnariidae","CRhe"
"394","Northern Barred-Woodcreeper","Dendrocolaptes sanctithomae","","PASSERIFORMES","Furnariidae","CRhe"
"395","Black-banded Woodcreeper","Dendrocolaptes picumnus","","PASSERIFORMES","Furnariidae","CRhe"
"396","Strong-billed Woodcreeper","Xiphocolaptes promeropirhynchus","","PASSERIFORMES","Furnariidae","CRhe"
"397","Cocoa Woodcreeper","Xiphorhynchus susurrans","","PASSERIFORMES","Furnariidae","CRhe"
"398","Black-striped Woodcreeper","Xiphorhynchus lachrymosus","","PASSERIFORMES","Furnariidae","CRhe"
"399","Spotted Woodcreeper","Xiphorhynchus erythropygius","","PASSERIFORMES","Furnariidae","CRhe"
"400","Brown-billed Scythebill","Campylorhamphus pusillus","","PASSERIFORMES","Furnariidae","CRhe"
"401","Streak-headed Woodcreeper","Lepidocolaptes souleyetii","","PASSERIFORMES","Furnariidae","CRhe"
"402","Spot-crowned Woodcreeper","Lepidocolaptes affinis","","PASSERIFORMES","Furnariidae","CRhe"
"403","Northern Plain-Xenops","Xenops mexicanus","","PASSERIFORMES","Furnariidae","CRhe"
"404","Streaked Xenops","Xenops rutilans","","PASSERIFORMES","Furnariidae","CRhe"
"405","Buffy Tuftedcheek","Pseudocolaptes lawrencii","","PASSERIFORMES","Furnariidae","CRhe"
"406","Scaly-throated Foliage-gleaner","Anabacerthia variegaticeps","","PASSERIFORMES","Furnariidae","CRhe"
"407","Lineated Foliage-gleaner","Syndactyla subalaris","","PASSERIFORMES","Furnariidae","CRhe"
"408","Buff-fronted Foliage-gleaner","Dendroma rufa","","PASSERIFORMES","Furnariidae","CRhe"
"409","Streak-breasted Treehunter","Thripadectes rufobrunneus","","PASSERIFORMES","Furnariidae","CRhe"
"410","Fawn-throated Foliage-gleaner","Automolus cervinigularis","","PASSERIFORMES","Furnariidae","CRhe"
"411","Chiriqui Foliage-gleaner","Automolus exsertus","","PASSERIFORMES","Furnariidae","CRhe"
"412","Western Woodhaunter","Automolus virgatus","","PASSERIFORMES","Furnariidae","CRhe"
"413","Spotted Barbtail","Premnoplex brunnescens","","PASSERIFORMES","Furnariidae","CRhe"
"414","Ruddy Treerunner","Margarornis rubiginosus","","PASSERIFORMES","Furnariidae","CRhe"
"415","Red-faced Spinetail","Cranioleuca erythrops","","PASSERIFORMES","Furnariidae","CRhe"
"416","Slaty Spinetail","Synallaxis brachyura","","PASSERIFORMES","Furnariidae","CRhe"
"417","Pale-breasted Spinetail","Synallaxis albescens","","PASSERIFORMES","Furnariidae","CRhe"
"418","Long-tailed Manakin","Chiroxiphia linearis","","PASSERIFORMES","Pipridae","CRhe"
"419","White-ruffed Manakin","Corapipo altera","","PASSERIFORMES","Pipridae","CRhe"
"420","Velvety Manakin","Lepidothrix velutina","","PASSERIFORMES","Pipridae","CRhe"
"421","White-collared Manakin","Manacus candei","","PASSERIFORMES","Pipridae","CRhe"
"422","Orange-collared Manakin","Manacus aurantiacus","","PASSERIFORMES","Pipridae","CRhe"
"423","White-crowned Manakin","Pseudopipra pipra","","PASSERIFORMES","Pipridae","CRhe"
"424","Red-capped Manakin","Ceratopipra mentalis","","PASSERIFORMES","Pipridae","CRhe"
"425","Purple-throated Fruitcrow","Querula purpurata","","PASSERIFORMES","Cotingidae","CRhe"
"426","Bare-necked Umbrellabird","Cephalopterus glabricollis","Endangered","PASSERIFORMES","Cotingidae","CRhe"
"427","Lovely Cotinga","Cotinga amabilis","","PASSERIFORMES","Cotingidae","CRhe"
"428","Turquoise Cotinga","Cotinga ridgwayi","Introduced species Vulnerable","PASSERIFORMES","Cotingidae","CRhe"
"429","Rufous Piha","Lipaugus unirufus","","PASSERIFORMES","Cotingidae","CRhe"
"430","Three-wattled Bellbird","Procnias tricarunculatus","Vulnerable","PASSERIFORMES","Cotingidae","CRhe"
"431","Snowy Cotinga","Carpodectes nitidus","","PASSERIFORMES","Cotingidae","CRhe"
"432","Black-crowned Tityra","Tityra inquisitor","","PASSERIFORMES","Tityridae","CRhe"
"433","Masked Tityra","Tityra semifasciata","","PASSERIFORMES","Tityridae","CRhe"
"434","Northern Schiffornis","Schiffornis veraepacis","","PASSERIFORMES","Tityridae","CRhe"
"435","Speckled Mourner","Laniocera rufescens","","PASSERIFORMES","Tityridae","CRhe"
"436","Barred Becard","Pachyramphus versicolor","","PASSERIFORMES","Tityridae","CRhe"
"437","Cinnamon Becard","Pachyramphus cinnamomeus","","PASSERIFORMES","Tityridae","CRhe"
"438","White-winged Becard","Pachyramphus polychopterus","","PASSERIFORMES","Tityridae","CRhe"
"439","Black-and-white Becard","Pachyramphus albogriseus","","PASSERIFORMES","Tityridae","CRhe"
"440","Rose-throated Becard","Pachyramphus aglaiae","","PASSERIFORMES","Tityridae","CRhe"
"441","Sharpbill","Oxyruncus cristatus","","PASSERIFORMES","Oxyruncidae","CRhe"
"442","Tropical Royal Flycatcher","Onychorhynchus coronatus","","PASSERIFORMES","Onychorhynchidae","CRhe"
"443","Ruddy-tailed Flycatcher","Terenotriccus erythrurus","","PASSERIFORMES","Onychorhynchidae","CRhe"
"444","Sulphur-rumped Flycatcher","Myiobius sulphureipygius","","PASSERIFORMES","Onychorhynchidae","CRhe"
"445","Gray-headed Piprites","Piprites griseiceps","","PASSERIFORMES","Tyrannidae","CRhe"
"446","Stub-tailed Spadebill","Platyrinchus cancrominus","","PASSERIFORMES","Tyrannidae","CRhe"
"447","White-throated Spadebill","Platyrinchus mystaceus","","PASSERIFORMES","Tyrannidae","CRhe"
"448","Golden-crowned Spadebill","Platyrinchus coronatus","","PASSERIFORMES","Tyrannidae","CRhe"
"449","Olive-streaked Flycatcher","Mionectes olivaceus","","PASSERIFORMES","Tyrannidae","CRhe"
"450","Ochre-bellied Flycatcher","Mionectes oleagineus","","PASSERIFORMES","Tyrannidae","CRhe"
"451","Sepia-capped Flycatcher","Leptopogon amaurocephalus","","PASSERIFORMES","Tyrannidae","CRhe"
"452","Slaty-capped Flycatcher","Leptopogon superciliaris","","PASSERIFORMES","Tyrannidae","CRhe"
"453","Rufous-browed Tyrannulet","Phylloscartes superciliaris","","PASSERIFORMES","Tyrannidae","CRhe"
"454","Black-capped Pygmy-Tyrant","Myiornis atricapillus","","PASSERIFORMES","Tyrannidae","CRhe"
"455","Scale-crested Pygmy-Tyrant","Lophotriccus pileatus","","PASSERIFORMES","Tyrannidae","CRhe"
"456","Northern Bentbill","Oncostoma cinereigulare","","PASSERIFORMES","Tyrannidae","CRhe"
"457","Slate-headed Tody-Flycatcher","Poecilotriccus sylvia","","PASSERIFORMES","Tyrannidae","CRhe"
"458","Common Tody-Flycatcher","Todirostrum cinereum","","PASSERIFORMES","Tyrannidae","CRhe"
"459","Black-headed Tody-Flycatcher","Todirostrum nigriceps","","PASSERIFORMES","Tyrannidae","CRhe"
"460","Eye-ringed Flatbill","Rhynchocyclus brevirostris","","PASSERIFORMES","Tyrannidae","CRhe"
"461","Yellow-olive Flatbill","Tolmomyias sulphurescens","","PASSERIFORMES","Tyrannidae","CRhe"
"462","Yellow-winged Flatbill","Tolmomyias flavotectus","","PASSERIFORMES","Tyrannidae","CRhe"
"463","Yellow-bellied Tyrannulet","Ornithion semiflavum","","PASSERIFORMES","Tyrannidae","CRhe"
"464","Brown-capped Tyrannulet","Ornithion brunneicapillus","","PASSERIFORMES","Tyrannidae","CRhe"
"465","Northern Beardless-Tyrannulet","Camptostoma imberbe","","PASSERIFORMES","Tyrannidae","CRhe"
"466","Southern Beardless-Tyrannulet","Camptostoma obsoletum","","PASSERIFORMES","Tyrannidae","CRhe"
"467","Yellow Tyrannulet","Capsiempis flaveola","","PASSERIFORMES","Tyrannidae","CRhe"
"468","Yellow-crowned Tyrannulet","Tyrannulus elatus","","PASSERIFORMES","Tyrannidae","CRhe"
"469","Greenish Elaenia","Myiopagis viridicata","","PASSERIFORMES","Tyrannidae","CRhe"
"470","Yellow-bellied Elaenia","Elaenia flavogaster","","PASSERIFORMES","Tyrannidae","CRhe"
"471","Lesser Elaenia","Elaenia chiriquensis","","PASSERIFORMES","Tyrannidae","CRhe"
"472","Mountain Elaenia","Elaenia frantzii","","PASSERIFORMES","Tyrannidae","CRhe"
"473","Torrent Tyrannulet","Serpophaga cinerea","","PASSERIFORMES","Tyrannidae","CRhe"
"474","White-fronted Tyrannulet","Acrochordopus zeledoni","","PASSERIFORMES","Tyrannidae","CRhe"
"475","Mistletoe Tyrannulet","Zimmerius parvus","","PASSERIFORMES","Tyrannidae","CRhe"
"476","Tawny-chested Flycatcher","Aphanotriccus capitalis","Vulnerable","PASSERIFORMES","Tyrannidae","CRhe"
"477","Tufted Flycatcher","Mitrephanes phaeocercus","","PASSERIFORMES","Tyrannidae","CRhe"
"478","Olive-sided Flycatcher","Contopus cooperi","","PASSERIFORMES","Tyrannidae","CRhe"
"479","Dark Pewee","Contopus lugubris","Endemic (country/region)","PASSERIFORMES","Tyrannidae","CRhe"
"480","Western Wood-Pewee","Contopus sordidulus","","PASSERIFORMES","Tyrannidae","CRhe"
"481","Northern Tropical Pewee","Contopus bogotensis","","PASSERIFORMES","Tyrannidae","CRhe"
"482","Eastern Wood-Pewee","Contopus virens","","PASSERIFORMES","Tyrannidae","CRhe"
"483","Yellow-bellied Flycatcher","Empidonax flaviventris","","PASSERIFORMES","Tyrannidae","CRhe"
"484","Acadian Flycatcher","Empidonax virescens","","PASSERIFORMES","Tyrannidae","CRhe"
"485","Alder Flycatcher","Empidonax alnorum","","PASSERIFORMES","Tyrannidae","CRhe"
"486","Willow Flycatcher","Empidonax traillii","","PASSERIFORMES","Tyrannidae","CRhe"
"487","White-throated Flycatcher","Empidonax albigularis","","PASSERIFORMES","Tyrannidae","CRhe"
"488","Least Flycatcher","Empidonax minimus","Rare/Accidental","PASSERIFORMES","Tyrannidae","CRhe"
"489","Yellowish Flycatcher","Empidonax flavescens","","PASSERIFORMES","Tyrannidae","CRhe"
"490","Black-capped Flycatcher","Empidonax atriceps","","PASSERIFORMES","Tyrannidae","CRhe"
"491","Black Phoebe","Sayornis nigricans","","PASSERIFORMES","Tyrannidae","CRhe"
"492","Long-tailed Tyrant","Colonia colonus","","PASSERIFORMES","Tyrannidae","CRhe"
"493","Bright-rumped Attila","Attila spadiceus","","PASSERIFORMES","Tyrannidae","CRhe"
"494","Rufous Mourner","Rhytipterna holerythra","","PASSERIFORMES","Tyrannidae","CRhe"
"495","Dusky-capped Flycatcher","Myiarchus tuberculifer","","PASSERIFORMES","Tyrannidae","CRhe"
"496","Nutting's Flycatcher","Myiarchus nuttingi","","PASSERIFORMES","Tyrannidae","CRhe"
"497","Great Crested Flycatcher","Myiarchus crinitus","","PASSERIFORMES","Tyrannidae","CRhe"
"498","Brown-crested Flycatcher","Myiarchus tyrannulus","","PASSERIFORMES","Tyrannidae","CRhe"
"499","Great Kiskadee","Pitangus sulphuratus","","PASSERIFORMES","Tyrannidae","CRhe"
"500","Boat-billed Flycatcher","Megarynchus pitangua","","PASSERIFORMES","Tyrannidae","CRhe"
"501","Social Flycatcher","Myiozetetes similis","","PASSERIFORMES","Tyrannidae","CRhe"
"502","Gray-capped Flycatcher","Myiozetetes granadensis","","PASSERIFORMES","Tyrannidae","CRhe"
"503","White-ringed Flycatcher","Conopias albovittatus","","PASSERIFORMES","Tyrannidae","CRhe"
"504","Golden-bellied Flycatcher","Myiodynastes hemichrysus","","PASSERIFORMES","Tyrannidae","CRhe"
"505","Streaked Flycatcher","Myiodynastes maculatus","","PASSERIFORMES","Tyrannidae","CRhe"
"506","Sulphur-bellied Flycatcher","Myiodynastes luteiventris","","PASSERIFORMES","Tyrannidae","CRhe"
"507","Piratic Flycatcher","Legatus leucophaius","","PASSERIFORMES","Tyrannidae","CRhe"
"508","Tropical Kingbird","Tyrannus melancholicus","","PASSERIFORMES","Tyrannidae","CRhe"
"509","Western Kingbird","Tyrannus verticalis","","PASSERIFORMES","Tyrannidae","CRhe"
"510","Eastern Kingbird","Tyrannus tyrannus","","PASSERIFORMES","Tyrannidae","CRhe"
"511","Gray Kingbird","Tyrannus dominicensis","Rare/Accidental","PASSERIFORMES","Tyrannidae","CRhe"
"512","Scissor-tailed Flycatcher","Tyrannus forficatus","","PASSERIFORMES","Tyrannidae","CRhe"
"513","Fork-tailed Flycatcher","Tyrannus savana","","PASSERIFORMES","Tyrannidae","CRhe"
"514","Rufous-browed Peppershrike","Cyclarhis gujanensis","","PASSERIFORMES","Vireonidae","CRhe"
"515","Green Shrike-Vireo","Vireolanius pulchellus","","PASSERIFORMES","Vireonidae","CRhe"
"516","Ochre-crowned Greenlet","Tunchiornis ochraceiceps","","PASSERIFORMES","Vireonidae","CRhe"
"517","Lesser Greenlet","Pachysylvia decurtata","","PASSERIFORMES","Vireonidae","CRhe"
"518","White-eyed Vireo","Vireo griseus","Rare/Accidental","PASSERIFORMES","Vireonidae","CRhe"
"519","Mangrove Vireo","Vireo pallens","","PASSERIFORMES","Vireonidae","CRhe"
"520","Yellow-throated Vireo","Vireo flavifrons","","PASSERIFORMES","Vireonidae","CRhe"
"521","Yellow-winged Vireo","Vireo carmioli","","PASSERIFORMES","Vireonidae","CRhe"
"522","Blue-headed Vireo","Vireo solitarius","Rare/Accidental","PASSERIFORMES","Vireonidae","CRhe"
"523","Philadelphia Vireo","Vireo philadelphicus","","PASSERIFORMES","Vireonidae","CRhe"
"524","Eastern Warbling Vireo","Vireo gilvus","Rare/Accidental","PASSERIFORMES","Vireonidae","CRhe"
"525","Brown-capped Vireo","Vireo leucophrys","","PASSERIFORMES","Vireonidae","CRhe"
"526","Red-eyed Vireo","Vireo olivaceus","","PASSERIFORMES","Vireonidae","CRhe"
"527","Yellow-green Vireo","Vireo flavoviridis","","PASSERIFORMES","Vireonidae","CRhe"
"528","Black-whiskered Vireo","Vireo altiloquus","Rare/Accidental","PASSERIFORMES","Vireonidae","CRhe"
"529","Azure-hooded Jay","Cyanolyca cucullata","","PASSERIFORMES","Corvidae","CRhe"
"530","White-throated Magpie-Jay","Cyanocorax formosus","","PASSERIFORMES","Corvidae","CRhe"
"531","Brown Jay","Cyanocorax morio","","PASSERIFORMES","Corvidae","CRhe"
"532","Black-chested Jay","Cyanocorax affinis","","PASSERIFORMES","Corvidae","CRhe"
"533","Bank Swallow","Riparia riparia","","PASSERIFORMES","Hirundinidae","CRhe"
"534","Tree Swallow","Tachycineta bicolor","","PASSERIFORMES","Hirundinidae","CRhe"
"535","Mangrove Swallow","Tachycineta albilinea","","PASSERIFORMES","Hirundinidae","CRhe"
"536","Violet-green Swallow","Tachycineta thalassina","Rare/Accidental","PASSERIFORMES","Hirundinidae","CRhe"
"537","Purple Martin","Progne subis","","PASSERIFORMES","Hirundinidae","CRhe"
"538","Gray-breasted Martin","Progne chalybea","","PASSERIFORMES","Hirundinidae","CRhe"
"539","Northern Rough-winged Swallow","Stelgidopteryx serripennis","","PASSERIFORMES","Hirundinidae","CRhe"
"540","Southern Rough-winged Swallow","Stelgidopteryx ruficollis","","PASSERIFORMES","Hirundinidae","CRhe"
"541","Blue-and-white Swallow","Pygochelidon cyanoleuca","","PASSERIFORMES","Hirundinidae","CRhe"
"542","Barn Swallow","Hirundo rustica","","PASSERIFORMES","Hirundinidae","CRhe"
"543","Cliff Swallow","Petrochelidon pyrrhonota","","PASSERIFORMES","Hirundinidae","CRhe"
"544","Tawny-faced Gnatwren","Microbates cinereiventris","","PASSERIFORMES","Polioptilidae","CRhe"
"545","Long-billed Gnatwren","Ramphocaenus melanurus","","PASSERIFORMES","Polioptilidae","CRhe"
"546","White-browed Gnatcatcher","Polioptila bilineata","","PASSERIFORMES","Polioptilidae","CRhe"
"547","White-lored Gnatcatcher","Polioptila albiloris","","PASSERIFORMES","Polioptilidae","CRhe"
"548","Nightingale Wren","Microcerculus philomela","Near-threatened","PASSERIFORMES","Troglodytidae","CRhe"
"549","Scaly-breasted Wren","Microcerculus marginatus","","PASSERIFORMES","Troglodytidae","CRhe"
"550","Southern House Wren","Troglodytes musculus","","PASSERIFORMES","Troglodytidae","CRhe"
"551","Ochraceous Wren","Troglodytes ochraceus","","PASSERIFORMES","Troglodytidae","CRhe"
"552","Grass Wren","Cistothorus platensis","","PASSERIFORMES","Troglodytidae","CRhe"
"553","Band-backed Wren","Campylorhynchus zonatus","","PASSERIFORMES","Troglodytidae","CRhe"
"554","Rufous-backed Wren","Campylorhynchus capistratus","","PASSERIFORMES","Troglodytidae","CRhe"
"555","Black-bellied Wren","Pheugopedius fasciatoventris","","PASSERIFORMES","Troglodytidae","CRhe"
"556","Rufous-breasted Wren","Pheugopedius rutilus","","PASSERIFORMES","Troglodytidae","CRhe"
"557","Spot-breasted Wren","Pheugopedius maculipectus","","PASSERIFORMES","Troglodytidae","CRhe"
"558","Black-throated Wren","Pheugopedius atrogularis","","PASSERIFORMES","Troglodytidae","CRhe"
"559","Banded Wren","Thryophilus pleurostictus","","PASSERIFORMES","Troglodytidae","CRhe"
"560","Rufous-and-white Wren","Thryophilus rufalbus","","PASSERIFORMES","Troglodytidae","CRhe"
"561","Stripe-breasted Wren","Cantorchilus thoracicus","","PASSERIFORMES","Troglodytidae","CRhe"
"562","Cabanis's Wren","Cantorchilus modestus","","PASSERIFORMES","Troglodytidae","CRhe"
"563","Canebrake Wren","Cantorchilus zeledoni","","PASSERIFORMES","Troglodytidae","CRhe"
"564","Isthmian Wren","Cantorchilus elutus","","PASSERIFORMES","Troglodytidae","CRhe"
"565","Riverside Wren","Cantorchilus semibadius","","PASSERIFORMES","Troglodytidae","CRhe"
"566","Bay Wren","Cantorchilus nigricapillus","","PASSERIFORMES","Troglodytidae","CRhe"
"567","White-breasted Wood-Wren","Henicorhina leucosticta","","PASSERIFORMES","Troglodytidae","CRhe"
"568","Gray-breasted Wood-Wren","Henicorhina leucophrys","","PASSERIFORMES","Troglodytidae","CRhe"
"569","Song Wren","Cyphorhinus phaeocephalus","","PASSERIFORMES","Troglodytidae","CRhe"
"570","American Dipper","Cinclus mexicanus","","PASSERIFORMES","Cinclidae","CRhe"
"571","Gray Catbird","Dumetella carolinensis","","PASSERIFORMES","Mimidae","CRhe"
"572","Tropical Mockingbird","Mimus gilvus","Introduced species","PASSERIFORMES","Mimidae","CRhe"
"573","Black-faced Solitaire","Myadestes melanops","","PASSERIFORMES","Turdidae","CRhe"
"574","Black-billed Nightingale-Thrush","Catharus gracilirostris","","PASSERIFORMES","Turdidae","CRhe"
"575","Orange-billed Nightingale-Thrush","Catharus aurantiirostris","","PASSERIFORMES","Turdidae","CRhe"
"576","Slaty-backed Nightingale-Thrush","Catharus fuscater","","PASSERIFORMES","Turdidae","CRhe"
"577","Ruddy-capped Nightingale-Thrush","Catharus frantzii","","PASSERIFORMES","Turdidae","CRhe"
"578","Black-headed Nightingale-Thrush","Catharus mexicanus","","PASSERIFORMES","Turdidae","CRhe"
"579","Veery","Catharus fuscescens","","PASSERIFORMES","Turdidae","CRhe"
"580","Gray-cheeked Thrush","Catharus minimus","","PASSERIFORMES","Turdidae","CRhe"
"581","Swainson's Thrush","Catharus ustulatus","","PASSERIFORMES","Turdidae","CRhe"
"582","Wood Thrush","Hylocichla mustelina","","PASSERIFORMES","Turdidae","CRhe"
"583","Sooty Thrush","Turdus nigrescens","","PASSERIFORMES","Turdidae","CRhe"
"584","Mountain Thrush","Turdus plebejus","","PASSERIFORMES","Turdidae","CRhe"
"585","Pale-vented Thrush","Turdus obsoletus","","PASSERIFORMES","Turdidae","CRhe"
"586","White-throated Thrush","Turdus assimilis","","PASSERIFORMES","Turdidae","CRhe"
"587","Clay-colored Thrush","Turdus grayi","","PASSERIFORMES","Turdidae","CRhe"
"588","Cedar Waxwing","Bombycilla cedrorum","","PASSERIFORMES","Bombycillidae","CRhe"
"589","Black-and-yellow Silky-flycatcher","Phainoptila melanoxantha","","PASSERIFORMES","Ptiliogonatidae","CRhe"
"590","Long-tailed Silky-flycatcher","Ptiliogonys caudatus","","PASSERIFORMES","Ptiliogonatidae","CRhe"
"591","Tricolored Munia","Lonchura malacca","Introduced species","PASSERIFORMES","Estrildidae","CRhe"
"592","House Sparrow","Passer domesticus","Introduced species","PASSERIFORMES","Passeridae","CRhe"
"593","Elegant Euphonia","Chlorophonia elegantissima","","PASSERIFORMES","Fringillidae","CRhe"
"594","Golden-browed Chlorophonia","Chlorophonia callophrys","","PASSERIFORMES","Fringillidae","CRhe"
"595","Scrub Euphonia","Euphonia affinis","","PASSERIFORMES","Fringillidae","CRhe"
"596","Yellow-crowned Euphonia","Euphonia luteicapilla","","PASSERIFORMES","Fringillidae","CRhe"
"597","White-vented Euphonia","Euphonia minuta","","PASSERIFORMES","Fringillidae","CRhe"
"598","Yellow-throated Euphonia","Euphonia hirundinacea","","PASSERIFORMES","Fringillidae","CRhe"
"599","Thick-billed Euphonia","Euphonia laniirostris","","PASSERIFORMES","Fringillidae","CRhe"
"600","Spot-crowned Euphonia","Euphonia imitans","","PASSERIFORMES","Fringillidae","CRhe"
"601","Olive-backed Euphonia","Euphonia gouldi","","PASSERIFORMES","Fringillidae","CRhe"
"602","Tawny-capped Euphonia","Euphonia anneae","","PASSERIFORMES","Fringillidae","CRhe"
"603","Lesser Goldfinch","Spinus psaltria","","PASSERIFORMES","Fringillidae","CRhe"
"604","Yellow-bellied Siskin","Spinus xanthogastrus","","PASSERIFORMES","Fringillidae","CRhe"
"605","Ashy-throated Chlorospingus","Chlorospingus canigularis","","PASSERIFORMES","Passerellidae","CRhe"
"606","Sooty-capped Chlorospingus","Chlorospingus pileatus","","PASSERIFORMES","Passerellidae","CRhe"
"607","Common Chlorospingus","Chlorospingus flavopectus","","PASSERIFORMES","Passerellidae","CRhe"
"608","Stripe-headed Sparrow","Peucaea ruficauda","","PASSERIFORMES","Passerellidae","CRhe"
"609","Grasshopper Sparrow","Ammodramus savannarum","","PASSERIFORMES","Passerellidae","CRhe"
"610","Olive Sparrow","Arremonops rufivirgatus","","PASSERIFORMES","Passerellidae","CRhe"
"611","Black-striped Sparrow","Arremonops conirostris","","PASSERIFORMES","Passerellidae","CRhe"
"612","Chipping Sparrow","Spizella passerina","Rare/Accidental","PASSERIFORMES","Passerellidae","CRhe"
"613","Lark Sparrow","Chondestes grammacus","Rare/Accidental","PASSERIFORMES","Passerellidae","CRhe"
"614","Costa Rican Brushfinch","Arremon costaricensis","","PASSERIFORMES","Passerellidae","CRhe"
"615","Orange-billed Sparrow","Arremon aurantiirostris","","PASSERIFORMES","Passerellidae","CRhe"
"616","Chestnut-capped Brushfinch","Arremon brunneinucha","","PASSERIFORMES","Passerellidae","CRhe"
"617","Sooty-faced Finch","Arremon crassirostris","","PASSERIFORMES","Passerellidae","CRhe"
"618","Rufous-collared Sparrow","Zonotrichia capensis","","PASSERIFORMES","Passerellidae","CRhe"
"619","Lincoln's Sparrow","Melospiza lincolnii","Rare/Accidental","PASSERIFORMES","Passerellidae","CRhe"
"620","Large-footed Finch","Pezopetes capitalis","","PASSERIFORMES","Passerellidae","CRhe"
"621","White-eared Ground-Sparrow","Melozone leucotis","","PASSERIFORMES","Passerellidae","CRhe"
"622","Cabanis's Ground-Sparrow","Melozone cabanisi","Endemic (country/region) Near-threatened","PASSERIFORMES","Passerellidae","CRhe"
"623","Rusty Sparrow","Aimophila rufescens","","PASSERIFORMES","Passerellidae","CRhe"
"624","White-naped Brushfinch","Atlapetes albinucha","","PASSERIFORMES","Passerellidae","CRhe"
"625","Yellow-thighed Brushfinch","Atlapetes tibialis","","PASSERIFORMES","Passerellidae","CRhe"
"626","Wrenthrush","Zeledonia coronata","","PASSERIFORMES","Zeledoniidae","CRhe"
"627","Yellow-breasted Chat","Icteria virens","","PASSERIFORMES","Icteriidae","CRhe"
"628","Bobolink","Dolichonyx oryzivorus","Near-threatened","PASSERIFORMES","Icteridae","CRhe"
"629","Eastern Meadowlark","Sturnella magna","","PASSERIFORMES","Icteridae","CRhe"
"630","Red-breasted Meadowlark","Leistes militaris","","PASSERIFORMES","Icteridae","CRhe"
"631","Yellow-billed Cacique","Amblycercus holosericeus","","PASSERIFORMES","Icteridae","CRhe"
"632","Chestnut-headed Oropendola","Psarocolius wagleri","","PASSERIFORMES","Icteridae","CRhe"
"633","Montezuma Oropendola","Psarocolius montezuma","","PASSERIFORMES","Icteridae","CRhe"
"634","Scarlet-rumped Cacique","Cacicus uropygialis","","PASSERIFORMES","Icteridae","CRhe"
"635","Black-cowled Oriole","Icterus prosthemelas","","PASSERIFORMES","Icteridae","CRhe"
"636","Orchard Oriole","Icterus spurius","","PASSERIFORMES","Icteridae","CRhe"
"637","Yellow-tailed Oriole","Icterus mesomelas","","PASSERIFORMES","Icteridae","CRhe"
"638","Streak-backed Oriole","Icterus pustulatus","","PASSERIFORMES","Icteridae","CRhe"
"639","Bullock's Oriole","Icterus bullockii","Rare/Accidental","PASSERIFORMES","Icteridae","CRhe"
"640","Spot-breasted Oriole","Icterus pectoralis","","PASSERIFORMES","Icteridae","CRhe"
"641","Baltimore Oriole","Icterus galbula","","PASSERIFORMES","Icteridae","CRhe"
"642","Red-winged Blackbird","Agelaius phoeniceus","","PASSERIFORMES","Icteridae","CRhe"
"643","Shiny Cowbird","Molothrus bonariensis","","PASSERIFORMES","Icteridae","CRhe"
"644","Bronzed Cowbird","Molothrus aeneus","","PASSERIFORMES","Icteridae","CRhe"
"645","Giant Cowbird","Molothrus oryzivorus","","PASSERIFORMES","Icteridae","CRhe"
"646","Melodious Blackbird","Dives dives","Rare/Accidental","PASSERIFORMES","Icteridae","CRhe"
"647","Great-tailed Grackle","Quiscalus mexicanus","","PASSERIFORMES","Icteridae","CRhe"
"648","Ovenbird","Seiurus aurocapilla","","PASSERIFORMES","Parulidae","CRhe"
"649","Worm-eating Warbler","Helmitheros vermivorum","","PASSERIFORMES","Parulidae","CRhe"
"650","Louisiana Waterthrush","Parkesia motacilla","","PASSERIFORMES","Parulidae","CRhe"
"651","Northern Waterthrush","Parkesia noveboracensis","","PASSERIFORMES","Parulidae","CRhe"
"652","Golden-winged Warbler","Vermivora chrysoptera","Near-threatened","PASSERIFORMES","Parulidae","CRhe"
"653","Blue-winged Warbler","Vermivora cyanoptera","","PASSERIFORMES","Parulidae","CRhe"
"654","Black-and-white Warbler","Mniotilta varia","","PASSERIFORMES","Parulidae","CRhe"
"655","Prothonotary Warbler","Protonotaria citrea","","PASSERIFORMES","Parulidae","CRhe"
"656","Flame-throated Warbler","Oreothlypis gutturalis","","PASSERIFORMES","Parulidae","CRhe"
"657","Tennessee Warbler","Leiothlypis peregrina","","PASSERIFORMES","Parulidae","CRhe"
"658","Nashville Warbler","Leiothlypis ruficapilla","Rare/Accidental","PASSERIFORMES","Parulidae","CRhe"
"659","Connecticut Warbler","Oporornis agilis","Rare/Accidental","PASSERIFORMES","Parulidae","CRhe"
"660","Gray-crowned Yellowthroat","Geothlypis poliocephala","","PASSERIFORMES","Parulidae","CRhe"
"661","MacGillivray's Warbler","Geothlypis tolmiei","","PASSERIFORMES","Parulidae","CRhe"
"662","Mourning Warbler","Geothlypis philadelphia","","PASSERIFORMES","Parulidae","CRhe"
"663","Kentucky Warbler","Geothlypis formosa","","PASSERIFORMES","Parulidae","CRhe"
"664","Olive-crowned Yellowthroat","Geothlypis semiflava","","PASSERIFORMES","Parulidae","CRhe"
"665","Common Yellowthroat","Geothlypis trichas","","PASSERIFORMES","Parulidae","CRhe"
"666","Hooded Warbler","Setophaga citrina","","PASSERIFORMES","Parulidae","CRhe"
"667","American Redstart","Setophaga ruticilla","","PASSERIFORMES","Parulidae","CRhe"
"668","Cape May Warbler","Setophaga tigrina","","PASSERIFORMES","Parulidae","CRhe"
"669","Cerulean Warbler","Setophaga cerulea","Near-threatened","PASSERIFORMES","Parulidae","CRhe"
"670","Northern Parula","Setophaga americana","Rare/Accidental","PASSERIFORMES","Parulidae","CRhe"
"671","Tropical Parula","Setophaga pitiayumi","","PASSERIFORMES","Parulidae","CRhe"
"672","Magnolia Warbler","Setophaga magnolia","","PASSERIFORMES","Parulidae","CRhe"
"673","Bay-breasted Warbler","Setophaga castanea","","PASSERIFORMES","Parulidae","CRhe"
"674","Blackburnian Warbler","Setophaga fusca","","PASSERIFORMES","Parulidae","CRhe"
"675","Northern Yellow Warbler","Setophaga aestiva","","PASSERIFORMES","Parulidae","CRhe"
"676","Mangrove Yellow Warbler","Setophaga petechia","","PASSERIFORMES","Parulidae","CRhe"
"677","Chestnut-sided Warbler","Setophaga pensylvanica","","PASSERIFORMES","Parulidae","CRhe"
"678","Blackpoll Warbler","Setophaga striata","Rare/Accidental Near-threatened","PASSERIFORMES","Parulidae","CRhe"
"679","Black-throated Blue Warbler","Setophaga caerulescens","Rare/Accidental","PASSERIFORMES","Parulidae","CRhe"
"680","Palm Warbler","Setophaga palmarum","","PASSERIFORMES","Parulidae","CRhe"
"681","Pine Warbler","Setophaga pinus","Rare/Accidental","PASSERIFORMES","Parulidae","CRhe"
"682","Yellow-rumped Warbler","Setophaga coronata","","PASSERIFORMES","Parulidae","CRhe"
"683","Yellow-throated Warbler","Setophaga dominica","","PASSERIFORMES","Parulidae","CRhe"
"684","Prairie Warbler","Setophaga discolor","Rare/Accidental","PASSERIFORMES","Parulidae","CRhe"
"685","Townsend's Warbler","Setophaga townsendi","","PASSERIFORMES","Parulidae","CRhe"
"686","Hermit Warbler","Setophaga occidentalis","Rare/Accidental","PASSERIFORMES","Parulidae","CRhe"
"687","Golden-cheeked Warbler","Setophaga chrysoparia","Rare/Accidental Endangered","PASSERIFORMES","Parulidae","CRhe"
"688","Black-throated Green Warbler","Setophaga virens","","PASSERIFORMES","Parulidae","CRhe"
"689","Chestnut-capped Warbler","Basileuterus delattrii","","PASSERIFORMES","Parulidae","CRhe"
"690","Black-cheeked Warbler","Basileuterus melanogenys","","PASSERIFORMES","Parulidae","CRhe"
"691","Golden-crowned Warbler","Basileuterus culicivorus","","PASSERIFORMES","Parulidae","CRhe"
"692","Costa Rican Warbler","Basileuterus melanotis","","PASSERIFORMES","Parulidae","CRhe"
"693","Buff-rumped Warbler","Myiothlypis fulvicauda","","PASSERIFORMES","Parulidae","CRhe"
"694","Canada Warbler","Cardellina canadensis","","PASSERIFORMES","Parulidae","CRhe"
"695","Wilson's Warbler","Cardellina pusilla","","PASSERIFORMES","Parulidae","CRhe"
"696","Slate-throated Redstart","Myioborus miniatus","","PASSERIFORMES","Parulidae","CRhe"
"697","Collared Redstart","Myioborus torquatus","","PASSERIFORMES","Parulidae","CRhe"
"698","Dusky-faced Tanager","Mitrospingus cassinii","","PASSERIFORMES","Mitrospingidae","CRhe"
"699","Hepatic Tanager","Piranga flava","","PASSERIFORMES","Cardinalidae","CRhe"
"700","Summer Tanager","Piranga rubra","","PASSERIFORMES","Cardinalidae","CRhe"
"701","Scarlet Tanager","Piranga olivacea","","PASSERIFORMES","Cardinalidae","CRhe"
"702","Western Tanager","Piranga ludoviciana","","PASSERIFORMES","Cardinalidae","CRhe"
"703","Flame-colored Tanager","Piranga bidentata","","PASSERIFORMES","Cardinalidae","CRhe"
"704","White-winged Tanager","Piranga leucoptera","","PASSERIFORMES","Cardinalidae","CRhe"
"705","Red-crowned Ant-Tanager","Habia rubica","","PASSERIFORMES","Cardinalidae","CRhe"
"706","Red-throated Ant-Tanager","Driophlox fuscicauda","","PASSERIFORMES","Cardinalidae","CRhe"
"707","Carmiol's Tanager","Chlorothraupis carmioli","","PASSERIFORMES","Cardinalidae","CRhe"
"708","Black-faced Grosbeak","Caryothraustes poliogaster","","PASSERIFORMES","Cardinalidae","CRhe"
"709","Black-thighed Grosbeak","Pheucticus tibialis","","PASSERIFORMES","Cardinalidae","CRhe"
"710","Rose-breasted Grosbeak","Pheucticus ludovicianus","","PASSERIFORMES","Cardinalidae","CRhe"
"711","Black-headed Grosbeak","Pheucticus melanocephalus","Rare/Accidental","PASSERIFORMES","Cardinalidae","CRhe"
"712","Blue Seedeater","Amaurospiza concolor","","PASSERIFORMES","Cardinalidae","CRhe"
"713","Blue-black Grosbeak","Cyanoloxia cyanoides","","PASSERIFORMES","Cardinalidae","CRhe"
"714","Blue Grosbeak","Passerina caerulea","","PASSERIFORMES","Cardinalidae","CRhe"
"715","Indigo Bunting","Passerina cyanea","","PASSERIFORMES","Cardinalidae","CRhe"
"716","Painted Bunting","Passerina ciris","","PASSERIFORMES","Cardinalidae","CRhe"
"717","Dickcissel","Spiza americana","","PASSERIFORMES","Cardinalidae","CRhe"
"718","Gray-headed Tanager","Eucometis penicillata","","PASSERIFORMES","Thraupidae","CRhe"
"719","White-shouldered Tanager","Loriotus luctuosus","","PASSERIFORMES","Thraupidae","CRhe"
"720","Tawny-crested Tanager","Tachyphonus delatrii","","PASSERIFORMES","Thraupidae","CRhe"
"721","White-lined Tanager","Tachyphonus rufus","","PASSERIFORMES","Thraupidae","CRhe"
"722","White-throated Shrike-Tanager","Lanio leucothorax","Near-threatened","PASSERIFORMES","Thraupidae","CRhe"
"723","Crimson-collared Tanager","Ramphocelus sanguinolentus","","PASSERIFORMES","Thraupidae","CRhe"
"724","Scarlet-rumped Tanager","Ramphocelus passerinii","","PASSERIFORMES","Thraupidae","CRhe"
"725","Crimson-backed Tanager","Ramphocelus dimidiatus","Rare/Accidental","PASSERIFORMES","Thraupidae","CRhe"
"726","Blue-and-gold Tanager","Bangsia arcaei","Near-threatened","PASSERIFORMES","Thraupidae","CRhe"
"727","Blue-gray Tanager","Thraupis episcopus","","PASSERIFORMES","Thraupidae","CRhe"
"728","Yellow-winged Tanager","Thraupis abbas","","PASSERIFORMES","Thraupidae","CRhe"
"729","Palm Tanager","Thraupis palmarum","","PASSERIFORMES","Thraupidae","CRhe"
"730","Speckled Tanager","Ixothraupis guttata","","PASSERIFORMES","Thraupidae","CRhe"
"731","Golden-hooded Tanager","Stilpnia larvata","","PASSERIFORMES","Thraupidae","CRhe"
"732","Spangle-cheeked Tanager","Tangara dowii","","PASSERIFORMES","Thraupidae","CRhe"
"733","Plain-colored Tanager","Tangara inornata","","PASSERIFORMES","Thraupidae","CRhe"
"734","Rufous-winged Tanager","Tangara lavinia","","PASSERIFORMES","Thraupidae","CRhe"
"735","Bay-headed Tanager","Tangara gyrola","","PASSERIFORMES","Thraupidae","CRhe"
"736","Emerald Tanager","Tangara florida","","PASSERIFORMES","Thraupidae","CRhe"
"737","Silver-throated Tanager","Tangara icterocephala","","PASSERIFORMES","Thraupidae","CRhe"
"738","Scarlet-thighed Dacnis","Dacnis venusta","","PASSERIFORMES","Thraupidae","CRhe"
"739","Blue Dacnis","Dacnis cayana","","PASSERIFORMES","Thraupidae","CRhe"
"740","Shining Honeycreeper","Cyanerpes lucidus","","PASSERIFORMES","Thraupidae","CRhe"
"741","Red-legged Honeycreeper","Cyanerpes cyaneus","","PASSERIFORMES","Thraupidae","CRhe"
"742","Green Honeycreeper","Chlorophanes spiza","","PASSERIFORMES","Thraupidae","CRhe"
"743","Black-and-yellow Tanager","Chrysothlypis chrysomelas","","PASSERIFORMES","Thraupidae","CRhe"
"744","Slaty Flowerpiercer","Diglossa plumbea","","PASSERIFORMES","Thraupidae","CRhe"
"745","Slaty Finch","Haplospiza rustica","","PASSERIFORMES","Thraupidae","CRhe"
"746","Peg-billed Finch","Acanthidops bairdi","","PASSERIFORMES","Thraupidae","CRhe"
"747","Blue-black Grassquit","Volatinia jacarina","","PASSERIFORMES","Thraupidae","CRhe"
"748","Ruddy-breasted Seedeater","Sporophila minuta","","PASSERIFORMES","Thraupidae","CRhe"
"749","Thick-billed Seed-Finch","Sporophila funerea","","PASSERIFORMES","Thraupidae","CRhe"
"750","Nicaraguan Seed-Finch","Sporophila nuttingi","","PASSERIFORMES","Thraupidae","CRhe"
"751","Variable Seedeater","Sporophila corvina","","PASSERIFORMES","Thraupidae","CRhe"
"752","Morelet's Seedeater","Sporophila morelleti","","PASSERIFORMES","Thraupidae","CRhe"
"753","Yellow-bellied Seedeater","Sporophila nigricollis","","PASSERIFORMES","Thraupidae","CRhe"
"754","Slate-colored Seedeater","Sporophila schistacea","","PASSERIFORMES","Thraupidae","CRhe"
"755","Bananaquit","Coereba flaveola","","PASSERIFORMES","Thraupidae","CRhe"
"756","Yellow-faced Grassquit","Tiaris olivaceus","","PASSERIFORMES","Thraupidae","CRhe"
"757","Buff-throated Saltator","Saltator maximus","","PASSERIFORMES","Thraupidae","CRhe"
"758","Black-headed Saltator","Saltator atriceps","","PASSERIFORMES","Thraupidae","CRhe"
"759","Cinnamon-bellied Saltator","Saltator grandis","","PASSERIFORMES","Thraupidae","CRhe"
"760","Streaked Saltator","Saltator striatipectus","","PASSERIFORMES","Thraupidae","CRhe"
"761","Slate-colored Grosbeak","Saltator grossus","","PASSERIFORMES","Thraupidae","CRhe"
