common_name,scientific_name,status,order,family,region,in_LaSelva-Barva_studies?,previously_done?,recorder,entry_dates,BOW_citation,Notes
Highland Tinamou,Nothocercus bonapartei,,TINAMIFORMES,Tinamidae,CRhe,,,Liz Bauer,5/27/26-5/29/26,"Gomes, V. and G. M. Kirwan (2020). Highland Tinamou (Nothocercus bonapartei), version 1.0. In Birds of the World (T. S. Schulenberg, Editor). Cornell Lab of Ornithology, Ithaca, NY, USA. https://doi-org.proxy2.cl.msu.edu/10.2173/bow.higtin1.01",
Great Tinamou,Tinamus major,,TINAMIFORMES,Tinamidae,CRhe,yes,Prev_Tinamus_major_CR_LB,Caroline Roche; Liz Bauer,9/18/24; 5/19/26,"Cabot, J., F. Jutglar, E. Garcia, P. F. D. Boesman, and C. J. Sharpe (2020). Great Tinamou (Tinamus major), version 1.0. In Birds of the World (J. del Hoyo, A. Elliott, J. Sargatal, D. A. Christie, and E. de Juana, Editors). Cornell Lab of Ornithology, Ithaca, NY, USA. https://doi-org.proxy1.cl.msu.edu/10.2173/bow.gretin1.01 ",Likely incomplete sheet; only collected data from BOW
Little Tinamou,Crypturellus soui,,TINAMIFORMES,Tinamidae,CRhe,,Prev_Crypturellus_soui_AF_LB,Ava Fountain; Liz Bauer,09/18/2024; 5/20/26,"Dema L, T., M. F. Ramos-Ordoñez, R. Bribiesca-Formisano, C. I. Rodríguez-Flores, C. A. Soberanes-González, and M. d. C. Arizmendi (2020). Little Tinamou (Crypturellus soui), version 1.0. In Birds of the World (T. S. Schulenberg, Editor). Cornell Lab of Ornithology, Ithaca, NY, USA. https://doi-org.proxy1.cl.msu.edu/10.2173/bow.littin1.01 ",Likely incomplete sheet; only collected data from BOW
Slaty-breasted Tinamou,Crypturellus boucardi,Vulnerable,TINAMIFORMES,Tinamidae,CRhe,,Prev_Crypturellus_boucardi_AF_LB,Ava Fountain; Liz Bauer,09/18/2024; 5/20/26,"Gomes, V., R. Bribiesca-Formisano, C. I. Rodríguez-Flores, C. A. Soberanes-González, and M. d. C. Arizmendi (2020). Slaty-breasted Tinamou (Crypturellus boucardi), version 1.0. In Birds of the World (T. S. Schulenberg, Editor). Cornell Lab of Ornithology, Ithaca, NY, USA. https://doi-org.proxy1.cl.msu.edu/10.2173/bow.slbtin1.01 ",Likely incomplete sheet; only collected data from BOW
White-faced Whistling-Duck,Dendrocygna viduata,Extirpated,ANSERIFORMES,Anatidae,CRhe,,,Liz Bauer,5/29/26-,,
Black-bellied Whistling-Duck,Dendrocygna autumnalis,,ANSERIFORMES,Anatidae,CRhe,,none,,,,
Muscovy Duck,Cairina moschata,,ANSERIFORMES,Anatidae,CRhe,,Prev_Cairina_moschata_IH_EP,India Hirschowitz/Emily Parker,11/10/2023,"Eitniear, J. C., R. Bribiesca-Formisano, C. I. Rodríguez-Flores, C. A. Soberanes-González, and M. d. C. Arizmendi (2020). Muscovy Duck (Cairina moschata), version 1.0. In Birds of the World (T. S. Schulenberg, Editor). Cornell Lab of Ornithology, Ithaca, NY, USA. https://doi-org.proxy1.cl.msu.edu/10.2173/bow.musduc.01 ",Likely incomplete sheet; only collected data from BOW
Blue-winged Teal,Spatula discors,,ANSERIFORMES,Anatidae,CRhe,,Prev_Spatula_discors_EP.csv,Emily Parker,11/23/2022,"Rohwer, F. C., W. P. Johnson, and E. R. Loos (2020). Blue-winged Teal (Spatula discors), version 1.0. In Birds of the World (A. F. Poole and F. B. Gill, Editors). Cornell Lab of Ornithology, Ithaca, NY, USA. https://doi-org.proxy2.cl.msu.edu/10.2173/bow.buwtea.01","Likely incomplete sheet and unable to find original sheet avain_intxn_data, so a copy was downloaded from Github and added to this Drive. Was found in L0/species and does not appear checked. "
Cinnamon Teal,Spatula cyanoptera,Rare/Accidental,ANSERIFORMES,Anatidae,CRhe,,Prev_Spatula_discors_EP.csv,Emily Parker,11/23/2022,"Gammonley, J. H. (2020). Cinnamon Teal (Spatula cyanoptera), version 1.0. In Birds of the World (A. F. Poole, Editor). Cornell Lab of Ornithology, Ithaca, NY, USA. https://doi-org.proxy1.cl.msu.edu/10.2173/bow.cintea.01","Likely incomplete sheet and unable to find original sheet avain_intxn_data, so a copy was downloaded from Github and added to this Drive. Was found in L0/species and does not appear checked. "
Northern Shoveler,Spatula clypeata,,ANSERIFORMES,Anatidae,CRhe,,Prev_Spatula_clypeata_GD_EP,Giovanni DePasquale/Emily Parker,9/15/23; 10/20/2023,"Dubowy, P. J., C. Carboneras, and G. M. Kirwan (2020). Northern Shoveler (Spatula clypeata), version 1.0. In Birds of the World (S. M. Billerman, Editor). Cornell Lab of Ornithology, Ithaca, NY, USA. https://doi-org.proxy1.cl.msu.edu/10.2173/bow.norsho.01 ",Likely incomplete sheet; only collected data from BOW
American Wigeon,Mareca americana,,ANSERIFORMES,Anatidae,CRhe,,Prev_Mareca_americana_EP.csv,Emily Parker,11/30/2022,"Mini, A. E., E. R. Harrington, E. Rucker, B. D. Dugger, and T. B. Mowbray (2020). American Wigeon (Mareca americana), version 1.0. In Birds of the World (A. F. Poole, Editor). Cornell Lab of Ornithology, Ithaca, NY, USA. https://doi-org.proxy2.cl.msu.edu/10.2173/bow.amewig.01","Likely incomplete sheet and unable to find original sheet avain_intxn_data, so a copy was downloaded from Github and added to this Drive. Was found in L0/species and does not appear checked. "
Northern Pintail,Anas acuta,,ANSERIFORMES,Anatidae,CRhe,,none,,,,
Green-winged Teal,Anas crecca,Rare/Accidental,ANSERIFORMES,Anatidae,CRhe,,Prev_Anas_crecca.csv,India Hirschowitz/Emily Parker,11/30/2022-12/1/2022,"Johnson, K., C. Carboneras, D. A. Christie, and G. M. Kirwan (2020). Green-winged Teal (Anas crecca), version 1.0. In Birds of the World (S. M. Billerman, Editor). Cornell Lab of Ornithology, Ithaca, NY, USA. https://doi-org.proxy1.cl.msu.edu/10.2173/bow.gnwtea.01","Likely incomplete sheet and unable to find original sheet avain_intxn_data, so a copy was downloaded from Github and added to this Drive. Was found in L0/species and does not appear checked. "
Ring-necked Duck,Aythya collaris,,ANSERIFORMES,Anatidae,CRhe,,Prev_Aythya_collaris_IH_EP,India Hirschowitz/Emily Parker,12/6/2022-01/9/2022; 1/13/2023,"Roy, C. L., C. M. Herwig, W. L. Hohman, and R. T. Eberhardt (2020). Ring-necked Duck (Aythya collaris), version 1.0. In Birds of the World (A. F. Poole, Editor). Cornell Lab of Ornithology, Ithaca, NY, USA. https://doi-org.proxy1.cl.msu.edu/10.2173/bow.rinduc.01",Likely incomplete sheet; only collected data from BOW
Lesser Scaup,Aythya affinis,,ANSERIFORMES,Anatidae,CRhe,,Prev_Aythya_affinis_JZ_EP,Jordan Zapata/Emily Parker,12/23/2022-1/6/2023; 1/9/2023,"Anteau, M. J., J. DeVink, D. N. Koons, J. E. Austin, C. M. Custer, and A. D. Afton (2020). Lesser Scaup (Aythya affinis), version 1.0. In Birds of the World (A. F. Poole, Editor). Cornell Lab of Ornithology, Ithaca, NY, USA. https://doi-org.proxy1.cl.msu.edu/10.2173/bow.lessca.01",Likely incomplete sheet; only collected data from BOW
Masked Duck,Nomonyx dominicus,,ANSERIFORMES,Anatidae,CRhe,,Prev_Nomonyx_dominicus_GD_EP,Giovanni DePasquale/Emily Parker,4/5/2024; 4/17/24,"Eitniear, J. C. (2020). Masked Duck (Nomonyx dominicus), version 1.0. In Birds of the World (S. M. Billerman, Editor). Cornell Lab of Ornithology, Ithaca, NY, USA. https://doi-org.proxy1.cl.msu.edu/10.2173/bow.masduc.01",Likely incomplete sheet; only collected data from BOW. Duplicate sheets found in avain_intxn_data but this version was checked. 
Black Guan,Chamaepetes unicolor,,GALLIFORMES,Cracidae,CRhe,,,Liz Bauer,7/23/26-8/3/26,"del Hoyo, J. and G. M. Kirwan (2020). Black Guan (Chamaepetes unicolor), version 1.0. In Birds of the World (J. del Hoyo, A. Elliott, J. Sargatal, D. A. Christie, and E. de Juana, Editors). Cornell Lab of Ornithology, Ithaca, NY, USA. https://doi-org.proxy2.cl.msu.edu/10.2173/bow.blagua1.01",
Crested Guan,Penelope purpurascens,Near-threatened,GALLIFORMES,Cracidae,CRhe,yes,Prev_Penelope_purpurascens_AF_LB,Ava Fountain; Liz Bauer,09/18/2024; 5/20/26,"Gilbert, K. and T. S. Schulenberg (2020). Crested Guan (Penelope purpurascens), version 1.0. In Birds of the World (T. S. Schulenberg, Editor). Cornell Lab of Ornithology, Ithaca, NY, USA. https://doi-org.proxy1.cl.msu.edu/10.2173/bow.cregua1.01",Likely incomplete sheet; only collected data from BOW
Great Curassow,Crax rubra,Vulnerable,GALLIFORMES,Cracidae,CRhe,yes,Prev_Crax_rubra_CR_LB,Caroline Roche; Liz Bauer,9/18/24; 5/20/26,"del Hoyo, J. and G. M. Kirwan (2020). Great Curassow (Crax rubra), version 1.0. In Birds of the World (J. del Hoyo, A. Elliott, J. Sargatal, D. A. Christie, and E. de Juana, Editors). Cornell Lab of Ornithology, Ithaca, NY, USA. https://doi-org.proxy1.cl.msu.edu/10.2173/bow.grecur1.01",Likely incomplete sheet; only collected data from BOW
Plain Chachalaca,Ortalis vetula,,GALLIFORMES,Cracidae,CRhe,,Prev_Ortalis_vetula_EP_LB,Emily Parker; Liz Bauer,12/6/2022; 5/20/26,"Peterson, M. J. (2020). Plain Chachalaca (Ortalis vetula), version 1.0. In Birds of the World (A. F. Poole and F. B. Gill, Editors). Cornell Lab of Ornithology, Ithaca, NY, USA. https://doi-org.proxy1.cl.msu.edu/10.2173/bow.placha.01",Likely incomplete sheet; only collected data from BOW
Gray-headed Chachalaca,Ortalis cinereiceps,,GALLIFORMES,Cracidae,CRhe,,none,,,,
Tawny-faced Quail,Rhynchortyx cinctus,Near-threatened,GALLIFORMES,Odontophoridae,CRhe,,none,,,,
Buffy-crowned Wood-Partridge,Dendrortyx leucophrys,,GALLIFORMES,Odontophoridae,CRhe,,Prev_Dendrortyx_leucophrys_AF_LB,Ava Fountain; Liz Bauer,12/10/2024; 5/20/26,"Carroll, J. P., G. M. Kirwan, P. F. D. Boesman, and E. de Juana (2020). Buffy-crowned Wood-Partridge (Dendrortyx leucophrys), version 1.0. In Birds of the World (J. del Hoyo, A. Elliott, J. Sargatal, D. A. Christie, and E. de Juana, Editors). Cornell Lab of Ornithology, Ithaca, NY, USA. https://doi-org.proxy2.cl.msu.edu/10.2173/bow.bcwpar1.01",short interaction list
Spot-bellied Bobwhite,Colinus leucopogon,,GALLIFORMES,Odontophoridae,CRhe,,none,,,,
Marbled Wood-Quail,Odontophorus gujanensis,,GALLIFORMES,Odontophoridae,CRhe,,none,,,,
Black-eared Wood-Quail,Odontophorus melanotis,Near-threatened,GALLIFORMES,Odontophoridae,CRhe,,none,,,,
Black-breasted Wood-Quail,Odontophorus leucolaemus,,GALLIFORMES,Odontophoridae,CRhe,,none,,,,
Spotted Wood-Quail,Odontophorus guttatus,,GALLIFORMES,Odontophoridae,CRhe,,Prev_Odontophorus_guttatus_AF_LB,Ava Fountain; Liz Bauer,09/19/2024; 5/20/26,"Carroll, J. P., G. M. Kirwan, and P. F. D. Boesman (2020). Spotted Wood-Quail (Odontophorus guttatus), version 1.0. In Birds of the World (J. del Hoyo, A. Elliott, J. Sargatal, D. A. Christie, and E. de Juana, Editors). Cornell Lab of Ornithology, Ithaca, NY, USA. https://doi-org.proxy1.cl.msu.edu/10.2173/bow.spwqua1.01",Likely incomplete sheet; only collected data from BOW
Rock Pigeon,Columba livia,Introduced species,COLUMBIFORMES,Columbidae,CRhe,,Prev_Columba_livia_EP_IH,Emily Parker/India Hirschowitz ,12/12/2022;5/30/2024,"Lowther, P. E. and R. F. Johnston (2020). Rock Pigeon (Columba livia), version 1.0. In Birds of the World (S. M. Billerman, Editor). Cornell Lab of Ornithology, Ithaca, NY, USA. https://doi-org.proxy1.cl.msu.edu/10.2173/bow.rocpig.01",Likely incomplete sheet; only collected data from BOW
Pale-vented Pigeon,Patagioenas cayennensis,,COLUMBIFORMES,Columbidae,CRhe,,Prev_Patagioenas_cayennensis_AF_LB,Ava Fountain; Liz Bauer,09/19/2024; 5/20/26,"Chalkowski, K. (2020). Pale-vented Pigeon (Patagioenas cayennensis), version 1.0. In Birds of the World (T. S. Schulenberg, Editor). Cornell Lab of Ornithology, Ithaca, NY, USA. https://doi-org.proxy1.cl.msu.edu/10.2173/bow.pavpig2.01",Likely incomplete sheet; only collected data from BOW
Scaled Pigeon,Patagioenas speciosa,,COLUMBIFORMES,Columbidae,CRhe,,Prev_Patagioenas_speciosa_AF_LB,Ava Fountain; Liz Bauer,12/04/2024-12/05/2024; 5/20/25-5/22/26,"Baptista, L. F., P. W. Trail, H. M. Horblit, and P. F. D. Boesman (2020). Scaled Pigeon (Patagioenas speciosa), version 1.0. In Birds of the World (J. del Hoyo, A. Elliott, J. Sargatal, D. A. Christie, and E. de Juana, Editors). Cornell Lab of Ornithology, Ithaca, NY, USA. https://doi-org.proxy2.cl.msu.edu/10.2173/bow.scapig2.01",
Red-billed Pigeon,Patagioenas flavirostris,,COLUMBIFORMES,Columbidae,CRhe,,Prev_Patagioenas_flavirostris_EP_IH,Emily Parker/India Hirschowitz ,2/13/2023;6/8/2024,"Lowther, P. E., J. Breeden, and J. C. Eitniear (2020). Red-billed Pigeon (Patagioenas flavirostris), version 1.0. In Birds of the World (P. G. Rodewald, Editor). Cornell Lab of Ornithology, Ithaca, NY, USA. https://doi-org.proxy1.cl.msu.edu/10.2173/bow.rebpig1.01",Likely incomplete sheet; only collected data from BOW
Band-tailed Pigeon,Patagioenas fasciata,,COLUMBIFORMES,Columbidae,CRhe,,Prev_Patagioenas_fasciata_EP_IH,Emily Parker;India Hirschowitz ,12/12/2022;6/8/2024,"Keppie, D. M. and C. E. Braun (2020). Band-tailed Pigeon (Patagioenas fasciata), version 1.0. In Birds of the World (A. F. Poole and F. B. Gill, Editors). Cornell Lab of Ornithology, Ithaca, NY, USA. https://doi-org.proxy1.cl.msu.edu/10.2173/bow.batpig1.01",Likely incomplete sheet; only collected data from BOW
Ruddy Pigeon,Patagioenas subvinacea,,COLUMBIFORMES,Columbidae,CRhe,,none,,,,
Short-billed Pigeon,Patagioenas nigrirostris,,COLUMBIFORMES,Columbidae,CRhe,yes,,Liz Bauer,8/3/26-,,listed on the AvianInteractionData_SpeciesList
Eurasian Collared-Dove,Streptopelia decaocto,Introduced species,COLUMBIFORMES,Columbidae,CRhe,,Prev_Streptopelia_decaocto_EP_IH,Emily Parker/India Hirschowitz ,12/12/2022;10/30/2024,"Romagosa, C. M. and S. G. Mlodinow (2022). Eurasian Collared-Dove (Streptopelia decaocto), version 1.1. In Birds of the World (P. Pyle, P. G. Rodewald, and S. M. Billerman, Editors). Cornell Lab of Ornithology, Ithaca, NY, USA. https://doi-org.proxy1.cl.msu.edu/10.2173/bow.eucdov.01.1",Likely incomplete sheet; only collected data from BOW
Inca Dove,Columbina inca,,COLUMBIFORMES,Columbidae,CRhe,,,,,,
Common Ground Dove,Columbina passerina,,COLUMBIFORMES,Columbidae,CRhe,,,,,,
Plain-breasted Ground Dove,Columbina minuta,,COLUMBIFORMES,Columbidae,CRhe,,,,,,
Ruddy Ground Dove,Columbina talpacoti,,COLUMBIFORMES,Columbidae,CRhe,,,,,,
Blue Ground Dove,Claravis pretiosa,,COLUMBIFORMES,Columbidae,CRhe,,,,,,
Maroon-chested Ground Dove,Paraclaravis mondetoura,,COLUMBIFORMES,Columbidae,CRhe,,,,,,
Ruddy Quail-Dove,Geotrygon montana,,COLUMBIFORMES,Columbidae,CRhe,,,,,,
Violaceous Quail-Dove,Geotrygon violacea,,COLUMBIFORMES,Columbidae,CRhe,,,,,,
Olive-backed Quail-Dove,Leptotrygon veraguensis,,COLUMBIFORMES,Columbidae,CRhe,,,,,,
White-tipped Dove,Leptotila verreauxi,,COLUMBIFORMES,Columbidae,CRhe,,,,,,
Gray-chested Dove,Leptotila cassinii,,COLUMBIFORMES,Columbidae,CRhe,yes,,,,,
Gray-headed Dove,Leptotila plumbeiceps,,COLUMBIFORMES,Columbidae,CRhe,,,,,,
Buff-fronted Quail-Dove,Zentrygon costaricensis,,COLUMBIFORMES,Columbidae,CRhe,,,,,,
Purplish-backed Quail-Dove,Zentrygon lawrencii,,COLUMBIFORMES,Columbidae,CRhe,,,,,,
Chiriqui Quail-Dove,Zentrygon chiriquensis,,COLUMBIFORMES,Columbidae,CRhe,,,,,,
White-winged Dove,Zenaida asiatica,,COLUMBIFORMES,Columbidae,CRhe,,,,,,
Mourning Dove,Zenaida macroura,,COLUMBIFORMES,Columbidae,CRhe,,,,,,
Greater Ani,Crotophaga major,Rare/Accidental,CUCULIFORMES,Cuculidae,CRhe,,,,,,
Smooth-billed Ani,Crotophaga ani,,CUCULIFORMES,Cuculidae,CRhe,,,,,,
Groove-billed Ani,Crotophaga sulcirostris,,CUCULIFORMES,Cuculidae,CRhe,,,,,,
Striped Cuckoo,Tapera naevia,,CUCULIFORMES,Cuculidae,CRhe,,,,,,
Pheasant Cuckoo,Dromococcyx phasianellus,,CUCULIFORMES,Cuculidae,CRhe,,,,,,
Lesser Ground-Cuckoo,Morococcyx erythropygus,,CUCULIFORMES,Cuculidae,CRhe,,,,,,
Rufous-vented Ground-Cuckoo,Neomorphus geoffroyi,,CUCULIFORMES,Cuculidae,CRhe,,,,,,
Common Squirrel-Cuckoo,Piaya cayana,,CUCULIFORMES,Cuculidae,CRhe,yes,,,,,
Yellow-billed Cuckoo,Coccyzus americanus,,CUCULIFORMES,Cuculidae,CRhe,,,,,,
Mangrove Cuckoo,Coccyzus minor,,CUCULIFORMES,Cuculidae,CRhe,,,,,,
Black-billed Cuckoo,Coccyzus erythropthalmus,,CUCULIFORMES,Cuculidae,CRhe,,,,,,
Lesser Nighthawk,Chordeiles acutipennis,,CAPRIMULGIFORMES,Caprimulgidae,CRhe,,,,,,
Common Nighthawk,Chordeiles minor,,CAPRIMULGIFORMES,Caprimulgidae,CRhe,,,,,,
Short-tailed Nighthawk,Lurocalis semitorquatus,,CAPRIMULGIFORMES,Caprimulgidae,CRhe,,,,,,
Common Pauraque,Nyctidromus albicollis,,CAPRIMULGIFORMES,Caprimulgidae,CRhe,,,,,,
Ocellated Poorwill,Nyctiphrynus ocellatus,,CAPRIMULGIFORMES,Caprimulgidae,CRhe,,,,,,
Chuck-will's-widow,Antrostomus carolinensis,Near-threatened,CAPRIMULGIFORMES,Caprimulgidae,CRhe,,,,,,
Eastern Whip-poor-will,Antrostomus vociferus,Rare/Accidental Near-threatened,CAPRIMULGIFORMES,Caprimulgidae,CRhe,,,,,,
Dusky Nightjar,Antrostomus saturatus,,CAPRIMULGIFORMES,Caprimulgidae,CRhe,,,,,,
Great Potoo,Nyctibius grandis,,NYCTIBIIFORMES,Nyctibiidae,CRhe,,,,,,
Common Potoo,Nyctibius griseus,,NYCTIBIIFORMES,Nyctibiidae,CRhe,,,,,,
Oilbird,Steatornis caripensis,Rare/Accidental,STEATORNITHIFORMES,Steatornithidae,CRhe,,,,,,
Black Swift,Cypseloides niger,Vulnerable,APODIFORMES,Apodidae,CRhe,,,,,,
White-chinned Swift,Cypseloides cryptus,,APODIFORMES,Apodidae,CRhe,,,,,,
Spot-fronted Swift,Cypseloides cherriei,,APODIFORMES,Apodidae,CRhe,,,,,,
Chestnut-collared Swift,Streptoprocne rutila,,APODIFORMES,Apodidae,CRhe,,,,,,
White-collared Swift,Streptoprocne zonaris,,APODIFORMES,Apodidae,CRhe,,,,,,
Gray-rumped Swift,Chaetura cinereiventris,,APODIFORMES,Apodidae,CRhe,yes,,,,,
Costa Rican Swift,Chaetura fumosa,,APODIFORMES,Apodidae,CRhe,,,,,,
Chimney Swift,Chaetura pelagica,Vulnerable,APODIFORMES,Apodidae,CRhe,,,,,,
Vaux's Swift,Chaetura vauxi,,APODIFORMES,Apodidae,CRhe,,,,,,
Lesser Swallow-tailed Swift,Panyptila cayennensis,,APODIFORMES,Apodidae,CRhe,,,,,,
Great Swallow-tailed Swift,Panyptila sanctihieronymi,Rare/Accidental,APODIFORMES,Apodidae,CRhe,,,,,,
White-necked Jacobin,Florisuga mellivora,,APODIFORMES,Trochilidae,CRhe,,,,,,
White-tipped Sicklebill,Eutoxeres aquila,,APODIFORMES,Trochilidae,CRhe,,,,,,
Bronzy Hermit,Glaucis aeneus,,APODIFORMES,Trochilidae,CRhe,,,,,,
Band-tailed Barbthroat,Threnetes ruckeri,,APODIFORMES,Trochilidae,CRhe,,,,,,
Green Hermit,Phaethornis guy,,APODIFORMES,Trochilidae,CRhe,,,,,,
Long-billed Hermit,Phaethornis longirostris,,APODIFORMES,Trochilidae,CRhe,,,,,,
Stripe-throated Hermit,Phaethornis striigularis,,APODIFORMES,Trochilidae,CRhe,,,,,,
Green-fronted Lancebill,Doryfera ludovicae,,APODIFORMES,Trochilidae,CRhe,,,,,,
Brown Violetear,Colibri delphinae,,APODIFORMES,Trochilidae,CRhe,,,,,,
Mexican Violetear,Colibri thalassinus,,APODIFORMES,Trochilidae,CRhe,,,,,,
Lesser Violetear,Colibri cyanotus,,APODIFORMES,Trochilidae,CRhe,,,,,,
Purple-crowned Fairy,Heliothryx barroti,,APODIFORMES,Trochilidae,CRhe,,,,,,
Green-breasted Mango,Anthracothorax prevostii,,APODIFORMES,Trochilidae,CRhe,,,,,,
Green Thorntail,Discosura conversii,,APODIFORMES,Trochilidae,CRhe,,,,,,
Black-crested Coquette,Lophornis helenae,,APODIFORMES,Trochilidae,CRhe,,,,,,
White-crested Coquette,Lophornis adorabilis,,APODIFORMES,Trochilidae,CRhe,,,,,,
Green-crowned Brilliant,Heliodoxa jacula,,APODIFORMES,Trochilidae,CRhe,,,,,,
Rivoli's Hummingbird,Eugenes fulgens,,APODIFORMES,Trochilidae,CRhe,,,,,,
Talamanca Hummingbird,Eugenes spectabilis,,APODIFORMES,Trochilidae,CRhe,,,,,,
Long-billed Starthroat,Heliomaster longirostris,,APODIFORMES,Trochilidae,CRhe,,,,,,
Plain-capped Starthroat,Heliomaster constantii,,APODIFORMES,Trochilidae,CRhe,,,,,,
Fiery-throated Hummingbird,Panterpe insignis,,APODIFORMES,Trochilidae,CRhe,,,,,,
White-bellied Mountain-gem,Lampornis hemileucus,,APODIFORMES,Trochilidae,CRhe,,,,,,
Purple-throated Mountain-gem,Lampornis calolaemus,,APODIFORMES,Trochilidae,CRhe,,,,,,
Magenta-throated Woodstar,Philodice bryantae,,APODIFORMES,Trochilidae,CRhe,,,,,,
Ruby-throated Hummingbird,Archilochus colubris,,APODIFORMES,Trochilidae,CRhe,,,,,,
Volcano Hummingbird,Selasphorus flammula,,APODIFORMES,Trochilidae,CRhe,,,,,,
Scintillant Hummingbird,Selasphorus scintilla,,APODIFORMES,Trochilidae,CRhe,,,,,,
Canivet's Emerald,Cynanthus canivetii,,APODIFORMES,Trochilidae,CRhe,,,,,,
Garden Emerald,Chlorostilbon assimilis,,APODIFORMES,Trochilidae,CRhe,,,,,,
Violet-headed Hummingbird,Klais guimeti,,APODIFORMES,Trochilidae,CRhe,,,,,,
Violet Sabrewing,Campylopterus hemileucurus,,APODIFORMES,Trochilidae,CRhe,,,,,,
Bronze-tailed Plumeleteer,Chalybura urochrysia,,APODIFORMES,Trochilidae,CRhe,yes,,,,,
Crowned Woodnymph,Thalurania colombica,,APODIFORMES,Trochilidae,CRhe,yes,,,,,
Snowcap,Microchera albocoronata,,APODIFORMES,Trochilidae,CRhe,,,,,,
Coppery-headed Emerald,Microchera cupreiceps,Endemic (country/region),APODIFORMES,Trochilidae,CRhe,,,,,,
White-tailed Emerald,Microchera chionura,,APODIFORMES,Trochilidae,CRhe,,,,,,
Stripe-tailed Hummingbird,Eupherusa eximia,,APODIFORMES,Trochilidae,CRhe,,,,,,
Black-bellied Hummingbird,Eupherusa nigriventris,,APODIFORMES,Trochilidae,CRhe,,,,,,
Scaly-breasted Hummingbird,Phaeochroa cuvierii,,APODIFORMES,Trochilidae,CRhe,,,,,,
Blue-vented Hummingbird,Saucerottia hoffmanni,,APODIFORMES,Trochilidae,CRhe,,,,,,
Blue-tailed Hummingbird,Saucerottia cyanura,Rare/Accidental,APODIFORMES,Trochilidae,CRhe,,,,,,
Cinnamon Hummingbird,Amazilia rutila,,APODIFORMES,Trochilidae,CRhe,,,,,,
Rufous-tailed Hummingbird,Amazilia tzacatl,,APODIFORMES,Trochilidae,CRhe,,,,,,
Blue-chested Hummingbird,Polyerata amabilis,,APODIFORMES,Trochilidae,CRhe,,,,,,
Charming Hummingbird,Polyerata decora,,APODIFORMES,Trochilidae,CRhe,,,,,,
Blue-throated Goldentail,Chlorestes eliciae,,APODIFORMES,Trochilidae,CRhe,,,,,,
Spotted Rail,Pardirallus maculatus,,GRUIFORMES,Rallidae,CRhe,,,,,,
Paint-billed Crake,Mustelirallus erythrops,Rare/Accidental,GRUIFORMES,Rallidae,CRhe,,,,,,
Uniform Crake,Amaurolimnas concolor,,GRUIFORMES,Rallidae,CRhe,,,,,,
Rufous-necked Wood-Rail,Aramides axillaris,,GRUIFORMES,Rallidae,CRhe,,,,,,
Russet-naped Wood-Rail,Aramides albiventris,,GRUIFORMES,Rallidae,CRhe,,,,,,
Gray-cowled Wood-Rail,Aramides cajaneus,,GRUIFORMES,Rallidae,CRhe,yes,,,,,
Sora,Porzana carolina,,GRUIFORMES,Rallidae,CRhe,,,,,,
Common Gallinule,Gallinula galeata,,GRUIFORMES,Rallidae,CRhe,,,,,,
American Coot,Fulica americana,,GRUIFORMES,Rallidae,CRhe,,,,,,
Purple Gallinule,Porphyrio martinica,,GRUIFORMES,Rallidae,CRhe,,,,,,
White-throated Crake,Laterallus albigularis,,GRUIFORMES,Rallidae,CRhe,,,,,,
Gray-breasted Crake,Laterallus exilis,,GRUIFORMES,Rallidae,CRhe,,,,,,
Sungrebe,Heliornis fulica,,GRUIFORMES,Heliornithidae,CRhe,,,,,,
Limpkin,Aramus guarauna,,GRUIFORMES,Aramidae,CRhe,,,,,,
Double-striped Thick-knee,Hesperoburhinus bistriatus,,CHARADRIIFORMES,Burhinidae,CRhe,,,,,,
Black-necked Stilt,Himantopus mexicanus,,CHARADRIIFORMES,Recurvirostridae,CRhe,,,,,,
American Oystercatcher,Haematopus palliatus,,CHARADRIIFORMES,Haematopodidae,CRhe,,,,,,
Black-bellied Plover,Pluvialis squatarola,Vulnerable,CHARADRIIFORMES,Charadriidae,CRhe,,,,,,
American Golden-Plover,Pluvialis dominica,,CHARADRIIFORMES,Charadriidae,CRhe,,,,,,
Killdeer,Charadrius vociferus,Near-threatened,CHARADRIIFORMES,Charadriidae,CRhe,,,,,,
Semipalmated Plover,Charadrius semipalmatus,,CHARADRIIFORMES,Charadriidae,CRhe,,,,,,
Southern Lapwing,Vanellus chilensis,,CHARADRIIFORMES,Charadriidae,CRhe,,,,,,
Collared Plover,Anarhynchus collaris,,CHARADRIIFORMES,Charadriidae,CRhe,,,,,,
Northern Jacana,Jacana spinosa,,CHARADRIIFORMES,Jacanidae,CRhe,,,,,,
Upland Sandpiper,Bartramia longicauda,,CHARADRIIFORMES,Scolopacidae,CRhe,,,,,,
Hudsonian Whimbrel,Numenius hudsonicus,,CHARADRIIFORMES,Scolopacidae,CRhe,,,,,,
Short-billed Dowitcher,Limnodromus griseus,Vulnerable,CHARADRIIFORMES,Scolopacidae,CRhe,,,,,,
Long-billed Dowitcher,Limnodromus scolopaceus,Near-threatened,CHARADRIIFORMES,Scolopacidae,CRhe,,,,,,
Wilson's Snipe,Gallinago delicata,,CHARADRIIFORMES,Scolopacidae,CRhe,,,,,,
Spotted Sandpiper,Actitis macularius,,CHARADRIIFORMES,Scolopacidae,CRhe,,,,,,
Solitary Sandpiper,Tringa solitaria,,CHARADRIIFORMES,Scolopacidae,CRhe,,,,,,
Lesser Yellowlegs,Tringa flavipes,Vulnerable,CHARADRIIFORMES,Scolopacidae,CRhe,,,,,,
Willet,Tringa semipalmata,,CHARADRIIFORMES,Scolopacidae,CRhe,,,,,,
Greater Yellowlegs,Tringa melanoleuca,Near-threatened,CHARADRIIFORMES,Scolopacidae,CRhe,,,,,,
Stilt Sandpiper,Calidris himantopus,Near-threatened,CHARADRIIFORMES,Scolopacidae,CRhe,,,,,,
Buff-breasted Sandpiper,Calidris subruficollis,Vulnerable,CHARADRIIFORMES,Scolopacidae,CRhe,,,,,,
Sanderling,Calidris alba,,CHARADRIIFORMES,Scolopacidae,CRhe,,,,,,
Baird's Sandpiper,Calidris bairdii,,CHARADRIIFORMES,Scolopacidae,CRhe,,,,,,
White-rumped Sandpiper,Calidris fuscicollis,Vulnerable,CHARADRIIFORMES,Scolopacidae,CRhe,,,,,,
Least Sandpiper,Calidris minutilla,Near-threatened,CHARADRIIFORMES,Scolopacidae,CRhe,,,,,,
Pectoral Sandpiper,Calidris melanotos,,CHARADRIIFORMES,Scolopacidae,CRhe,,,,,,
Western Sandpiper,Calidris mauri,,CHARADRIIFORMES,Scolopacidae,CRhe,,,,,,
Semipalmated Sandpiper,Calidris pusilla,Near-threatened,CHARADRIIFORMES,Scolopacidae,CRhe,,,,,,
Pomarine Jaeger,Stercorarius pomarinus,Rare/Accidental,CHARADRIIFORMES,Stercorariidae,CRhe,,,,,,
Sabine's Gull,Xema sabini,,CHARADRIIFORMES,Laridae,CRhe,,,,,,
Laughing Gull,Leucophaeus atricilla,,CHARADRIIFORMES,Laridae,CRhe,,,,,,
Black Skimmer,Rynchops niger,,CHARADRIIFORMES,Laridae,CRhe,,,,,,
Sooty Tern,Onychoprion fuscatus,Rare/Accidental,CHARADRIIFORMES,Laridae,CRhe,,,,,,
Gull-billed Tern,Gelochelidon nilotica,,CHARADRIIFORMES,Laridae,CRhe,,,,,,
Black Tern,Chlidonias niger,,CHARADRIIFORMES,Laridae,CRhe,,,,,,
Royal Tern,Thalasseus maximus,Rare/Accidental,CHARADRIIFORMES,Laridae,CRhe,,,,,,
Least Grebe,Tachybaptus dominicus,,PODICIPEDIFORMES,Podicipedidae,CRhe,,,,,,
Pied-billed Grebe,Podilymbus podiceps,,PODICIPEDIFORMES,Podicipedidae,CRhe,,,,,,
Sunbittern,Eurypyga helias,,EURYPYGIFORMES,Eurypygidae,CRhe,,,,,,
Jabiru,Jabiru mycteria,,CICONIIFORMES,Ciconiidae,CRhe,,,,,,
Wood Stork,Mycteria americana,,CICONIIFORMES,Ciconiidae,CRhe,,,,,,
Magnificent Frigatebird,Fregata magnificens,,SULIFORMES,Fregatidae,CRhe,,,,,,
Anhinga,Anhinga anhinga,,SULIFORMES,Anhingidae,CRhe,,,,,,
Neotropic Cormorant,Nannopterum brasilianum,,SULIFORMES,Phalacrocoracidae,CRhe,,,,,,
White Ibis,Eudocimus albus,,PELECANIFORMES,Threskiornithidae,CRhe,,,,,,
Glossy Ibis,Plegadis falcinellus,,PELECANIFORMES,Threskiornithidae,CRhe,,,,,,
Green Ibis,Mesembrinibis cayennensis,,PELECANIFORMES,Threskiornithidae,CRhe,yes,,,,,
Roseate Spoonbill,Platalea ajaja,,PELECANIFORMES,Threskiornithidae,CRhe,,,,,,
Rufescent Tiger-Heron,Tigrisoma lineatum,,PELECANIFORMES,Ardeidae,CRhe,,,,,,
Bare-throated Tiger-Heron,Tigrisoma mexicanum,,PELECANIFORMES,Ardeidae,CRhe,,,,,,
Fasciated Tiger-Heron,Tigrisoma fasciatum,,PELECANIFORMES,Ardeidae,CRhe,,,,,,
Boat-billed Heron,Cochlearius cochlearius,,PELECANIFORMES,Ardeidae,CRhe,,,,,,
Agami Heron,Agamia agami,Near-threatened,PELECANIFORMES,Ardeidae,CRhe,yes,,,,,
Pinnated Bittern,Botaurus pinnatus,,PELECANIFORMES,Ardeidae,CRhe,,,,,,
Least Bittern,Botaurus exilis,,PELECANIFORMES,Ardeidae,CRhe,,,,,,
Yellow-crowned Night Heron,Nyctanassa violacea,,PELECANIFORMES,Ardeidae,CRhe,,,,,,
Black-crowned Night Heron,Nycticorax nycticorax,,PELECANIFORMES,Ardeidae,CRhe,,,,,,
Little Blue Heron,Egretta caerulea,,PELECANIFORMES,Ardeidae,CRhe,,,,,,
Tricolored Heron,Egretta tricolor,,PELECANIFORMES,Ardeidae,CRhe,,,,,,
Reddish Egret,Egretta rufescens,Near-threatened,PELECANIFORMES,Ardeidae,CRhe,,,,,,
Snowy Egret,Egretta thula,,PELECANIFORMES,Ardeidae,CRhe,,,,,,
Striated Heron,Butorides striata,Rare/Accidental,PELECANIFORMES,Ardeidae,CRhe,,,,,,
Green Heron,Butorides virescens,,PELECANIFORMES,Ardeidae,CRhe,,,,,,
Western Cattle-Egret,Ardea ibis,,PELECANIFORMES,Ardeidae,CRhe,,,,,,
Great Egret,Ardea alba,,PELECANIFORMES,Ardeidae,CRhe,,,,,,
Great Blue Heron,Ardea herodias,,PELECANIFORMES,Ardeidae,CRhe,,,,,,
American White Pelican,Pelecanus erythrorhynchos,Rare/Accidental,PELECANIFORMES,Pelecanidae,CRhe,,,,,,
Brown Pelican,Pelecanus occidentalis,,PELECANIFORMES,Pelecanidae,CRhe,,,,,,
King Vulture,Sarcoramphus papa,,CATHARTIFORMES,Cathartidae,CRhe,,,,,,
Black Vulture,Coragyps atratus,,CATHARTIFORMES,Cathartidae,CRhe,yes,,,,,
Turkey Vulture,Cathartes aura,,CATHARTIFORMES,Cathartidae,CRhe,,,,,,
Lesser Yellow-headed Vulture,Cathartes burrovianus,,CATHARTIFORMES,Cathartidae,CRhe,,,,,,
Osprey,Pandion haliaetus,,ACCIPITRIFORMES,Pandionidae,CRhe,,,,,,
Pearl Kite,Gampsonyx swainsonii,,ACCIPITRIFORMES,Accipitridae,CRhe,,,,,,
White-tailed Kite,Elanus leucurus,,ACCIPITRIFORMES,Accipitridae,CRhe,,,,,,
Hook-billed Kite,Chondrohierax uncinatus,,ACCIPITRIFORMES,Accipitridae,CRhe,,,,,,
Gray-headed Kite,Leptodon cayanensis,,ACCIPITRIFORMES,Accipitridae,CRhe,,,,,,
Swallow-tailed Kite,Elanoides forficatus,,ACCIPITRIFORMES,Accipitridae,CRhe,yes,,,,,
Black Hawk-Eagle,Spizaetus tyrannus,,ACCIPITRIFORMES,Accipitridae,CRhe,,,,,,
Black-and-white Hawk-Eagle,Spizaetus melanoleucus,,ACCIPITRIFORMES,Accipitridae,CRhe,,,,,,
Ornate Hawk-Eagle,Spizaetus ornatus,Near-threatened,ACCIPITRIFORMES,Accipitridae,CRhe,,,,,,
Crested Eagle,Morphnus guianensis,Near-threatened,ACCIPITRIFORMES,Accipitridae,CRhe,,,,,,
Harpy Eagle,Harpia harpyja,Vulnerable,ACCIPITRIFORMES,Accipitridae,CRhe,,,,,,
Gray-bellied Hawk,Accipiter poliogaster,Rare/Accidental Near-threatened,ACCIPITRIFORMES,Accipitridae,CRhe,,,,,,
Sharp-shinned Hawk,Accipiter striatus,,ACCIPITRIFORMES,Accipitridae,CRhe,,,,,,
Bicolored Hawk,Astur bicolor,,ACCIPITRIFORMES,Accipitridae,CRhe,,,,,,
Cooper's Hawk,Astur cooperii,,ACCIPITRIFORMES,Accipitridae,CRhe,,,,,,
Northern Harrier,Circus hudsonius,,ACCIPITRIFORMES,Accipitridae,CRhe,,,,,,
Tiny Hawk,Microspizias superciliosus,,ACCIPITRIFORMES,Accipitridae,CRhe,,,,,,
Double-toothed Kite,Harpagus bidentatus,,ACCIPITRIFORMES,Accipitridae,CRhe,,,,,,
Mississippi Kite,Ictinia mississippiensis,,ACCIPITRIFORMES,Accipitridae,CRhe,,,,,,
Plumbeous Kite,Ictinia plumbea,,ACCIPITRIFORMES,Accipitridae,CRhe,,,,,,
Crane Hawk,Geranospiza caerulescens,,ACCIPITRIFORMES,Accipitridae,CRhe,,,,,,
Black-collared Hawk,Busarellus nigricollis,,ACCIPITRIFORMES,Accipitridae,CRhe,,,,,,
Snail Kite,Rostrhamus sociabilis,,ACCIPITRIFORMES,Accipitridae,CRhe,,,,,,
Barred Hawk,Morphnarchus princeps,,ACCIPITRIFORMES,Accipitridae,CRhe,,,,,,
Common Black Hawk,Buteogallus anthracinus,,ACCIPITRIFORMES,Accipitridae,CRhe,,,,,,
Great Black Hawk,Buteogallus urubitinga,,ACCIPITRIFORMES,Accipitridae,CRhe,,,,,,
Solitary Eagle,Buteogallus solitarius,Rare/Accidental Near-threatened,ACCIPITRIFORMES,Accipitridae,CRhe,,,,,,
Roadside Hawk,Rupornis magnirostris,,ACCIPITRIFORMES,Accipitridae,CRhe,,,,,,
Harris's Hawk,Parabuteo unicinctus,,ACCIPITRIFORMES,Accipitridae,CRhe,,,,,,
White-tailed Hawk,Geranoaetus albicaudatus,,ACCIPITRIFORMES,Accipitridae,CRhe,,,,,,
White Hawk,Pseudastur albicollis,,ACCIPITRIFORMES,Accipitridae,CRhe,,,,,,
Semiplumbeous Hawk,Leucopternis semiplumbeus,,ACCIPITRIFORMES,Accipitridae,CRhe,yes,,,,,
Gray Hawk,Buteo plagiatus,,ACCIPITRIFORMES,Accipitridae,CRhe,,,,,,
Gray-lined Hawk,Buteo nitidus,,ACCIPITRIFORMES,Accipitridae,CRhe,,,,,,
Broad-winged Hawk,Buteo platypterus,,ACCIPITRIFORMES,Accipitridae,CRhe,,,,,,
Zone-tailed Hawk,Buteo albonotatus,,ACCIPITRIFORMES,Accipitridae,CRhe,,,,,,
Short-tailed Hawk,Buteo brachyurus,,ACCIPITRIFORMES,Accipitridae,CRhe,,,,,,
Swainson's Hawk,Buteo swainsoni,,ACCIPITRIFORMES,Accipitridae,CRhe,,,,,,
Red-tailed Hawk,Buteo jamaicensis,,ACCIPITRIFORMES,Accipitridae,CRhe,,,,,,
American Barn Owl,Tyto furcata,,STRIGIFORMES,Tytonidae,CRhe,,,,,,
Bare-shanked Screech-Owl,Megascops clarkii,,STRIGIFORMES,Strigidae,CRhe,,,,,,
Tropical Screech-Owl,Megascops choliba,,STRIGIFORMES,Strigidae,CRhe,,,,,,
Middle American Screech-Owl,Megascops guatemalae,,STRIGIFORMES,Strigidae,CRhe,,,,,,
Choco Screech-Owl,Megascops centralis,,STRIGIFORMES,Strigidae,CRhe,,,,,,
Pacific Screech-Owl,Megascops cooperi,,STRIGIFORMES,Strigidae,CRhe,,,,,,
Crested Owl,Lophostrix cristata,,STRIGIFORMES,Strigidae,CRhe,,,,,,
Spectacled Owl,Pulsatrix perspicillata,,STRIGIFORMES,Strigidae,CRhe,,,,,,
Great Horned Owl,Bubo virginianus,,STRIGIFORMES,Strigidae,CRhe,,,,,,
Costa Rican Pygmy-Owl,Glaucidium costaricanum,,STRIGIFORMES,Strigidae,CRhe,,,,,,
Central American Pygmy-Owl,Glaucidium griseiceps,,STRIGIFORMES,Strigidae,CRhe,,,,,,
Ferruginous Pygmy-Owl,Glaucidium brasilianum,,STRIGIFORMES,Strigidae,CRhe,,,,,,
Mottled Owl,Strix virgata,,STRIGIFORMES,Strigidae,CRhe,,,,,,
Black-and-white Owl,Strix nigrolineata,,STRIGIFORMES,Strigidae,CRhe,,,,,,
Striped Owl,Asio clamator,,STRIGIFORMES,Strigidae,CRhe,,,,,,
Unspotted Saw-whet Owl,Aegolius ridgwayi,,STRIGIFORMES,Strigidae,CRhe,,,,,,
Resplendent Quetzal,Pharomachrus mocinno,Near-threatened,TROGONIFORMES,Trogonidae,CRhe,,,,,,
Lattice-tailed Trogon,Trogon clathratus,,TROGONIFORMES,Trogonidae,CRhe,,,,,,
Slaty-tailed Trogon,Trogon massena,,TROGONIFORMES,Trogonidae,CRhe,yes,,,,,
Black-headed Trogon,Trogon melanocephalus,,TROGONIFORMES,Trogonidae,CRhe,,,,,,
Baird's Trogon,Trogon bairdii,Near-threatened,TROGONIFORMES,Trogonidae,CRhe,,,,,,
Gartered Violaceous Trogon,Trogon caligatus,,TROGONIFORMES,Trogonidae,CRhe,,,,,,
Graceful Black-throated Trogon,Trogon tenellus,,TROGONIFORMES,Trogonidae,CRhe,,,,,,
Elegant Trogon,Trogon elegans,,TROGONIFORMES,Trogonidae,CRhe,,,,,,
Collared Trogon,Trogon collaris,,TROGONIFORMES,Trogonidae,CRhe,,,,,,
Lesson's Motmot,Momotus lessonii,,CORACIIFORMES,Momotidae,CRhe,,,,,,
Rufous Motmot,Baryphthengus martii,,CORACIIFORMES,Momotidae,CRhe,yes,,,,,
Keel-billed Motmot,Electron carinatum,Vulnerable,CORACIIFORMES,Momotidae,CRhe,,,,,,
Broad-billed Motmot,Electron platyrhynchum,,CORACIIFORMES,Momotidae,CRhe,yes,,,,,
Turquoise-browed Motmot,Eumomota superciliosa,,CORACIIFORMES,Momotidae,CRhe,,,,,,
Ringed Kingfisher,Megaceryle torquata,,CORACIIFORMES,Alcedinidae,CRhe,,,,,,
Belted Kingfisher,Megaceryle alcyon,,CORACIIFORMES,Alcedinidae,CRhe,,,,,,
Amazon Kingfisher,Chloroceryle amazona,,CORACIIFORMES,Alcedinidae,CRhe,,,,,,
American Pygmy Kingfisher,Chloroceryle aenea,,CORACIIFORMES,Alcedinidae,CRhe,,,,,,
Green Kingfisher,Chloroceryle americana,,CORACIIFORMES,Alcedinidae,CRhe,,,,,,
Green-and-rufous Kingfisher,Chloroceryle inda,,CORACIIFORMES,Alcedinidae,CRhe,,,,,,
White-necked Puffbird,Notharchus hyperrhynchus,,GALBULIFORMES,Bucconidae,CRhe,,,,,,
Pied Puffbird,Notharchus tectus,,GALBULIFORMES,Bucconidae,CRhe,,,,,,
White-whiskered Puffbird,Malacoptila panamensis,,GALBULIFORMES,Bucconidae,CRhe,,,,,,
Lanceolated Monklet,Micromonacha lanceolata,,GALBULIFORMES,Bucconidae,CRhe,,,,,,
White-fronted Nunbird,Monasa morphoeus,,GALBULIFORMES,Bucconidae,CRhe,,,,,,
Rufous-tailed Jacamar,Galbula ruficauda,,GALBULIFORMES,Galbulidae,CRhe,,,,,,
Great Jacamar,Jacamerops aureus,,GALBULIFORMES,Galbulidae,CRhe,,,,,,
Red-headed Barbet,Eubucco bourcierii,,PICIFORMES,Capitonidae,CRhe,,,,,,
Prong-billed Barbet,Semnornis frantzii,,PICIFORMES,Semnornithidae,CRhe,,,,,,
Northern Emerald-Toucanet,Aulacorhynchus prasinus,,PICIFORMES,Ramphastidae,CRhe,,,,,,
Collared Aracari,Pteroglossus torquatus,,PICIFORMES,Ramphastidae,CRhe,yes,,,,,
Fiery-billed Aracari,Pteroglossus frantzii,,PICIFORMES,Ramphastidae,CRhe,,,,,,
Yellow-eared Toucanet,Selenidera spectabilis,,PICIFORMES,Ramphastidae,CRhe,,,,,,
Yellow-throated Toucan,Ramphastos ambiguus,,PICIFORMES,Ramphastidae,CRhe,yes,,,,,
Keel-billed Toucan,Ramphastos sulfuratus,Near-threatened,PICIFORMES,Ramphastidae,CRhe,yes,,,,,
Olivaceous Piculet,Picumnus olivaceus,,PICIFORMES,Picidae,CRhe,,,,,,
Yellow-bellied Sapsucker,Sphyrapicus varius,,PICIFORMES,Picidae,CRhe,,,,,,
Acorn Woodpecker,Melanerpes formicivorus,,PICIFORMES,Picidae,CRhe,,,,,,
Golden-naped Woodpecker,Melanerpes chrysauchen,,PICIFORMES,Picidae,CRhe,,,,,,
Black-cheeked Woodpecker,Melanerpes pucherani,,PICIFORMES,Picidae,CRhe,yes,,,,,
Red-crowned Woodpecker,Melanerpes rubricapillus,,PICIFORMES,Picidae,CRhe,,,,,,
Hoffmann's Woodpecker,Melanerpes hoffmannii,,PICIFORMES,Picidae,CRhe,,,,,,
Hairy Woodpecker,Leuconotopicus villosus,,PICIFORMES,Picidae,CRhe,,,,,,
Smoky-brown Woodpecker,Leuconotopicus fumigatus,,PICIFORMES,Picidae,CRhe,,,,,,
Pale-billed Woodpecker,Campephilus guatemalensis,,PICIFORMES,Picidae,CRhe,yes,,,,,
Lineated Woodpecker,Dryocopus lineatus,,PICIFORMES,Picidae,CRhe,,,,,,
Cinnamon Woodpecker,Celeus loricatus,,PICIFORMES,Picidae,CRhe,,,,,,
Chestnut-colored Woodpecker,Celeus castaneus,,PICIFORMES,Picidae,CRhe,yes,,,,,
Rufous-winged Woodpecker,Piculus simplex,,PICIFORMES,Picidae,CRhe,,,,,,
Golden-olive Woodpecker,Colaptes rubiginosus,,PICIFORMES,Picidae,CRhe,,,,,,
Laughing Falcon,Herpetotheres cachinnans,,FALCONIFORMES,Falconidae,CRhe,yes,,,,,
Collared Forest-Falcon,Micrastur semitorquatus,,FALCONIFORMES,Falconidae,CRhe,,,,,,
Slaty-backed Forest-Falcon,Micrastur mirandollei,,FALCONIFORMES,Falconidae,CRhe,,,,,,
Barred Forest-Falcon,Micrastur ruficollis,,FALCONIFORMES,Falconidae,CRhe,,,,,,
Crested Caracara,Caracara plancus,,FALCONIFORMES,Falconidae,CRhe,,,,,,
Red-throated Caracara,Ibycter americanus,,FALCONIFORMES,Falconidae,CRhe,,,,,,
Yellow-headed Caracara,Daptrius chimachima,,FALCONIFORMES,Falconidae,CRhe,,,,,,
American Kestrel,Falco sparverius,,FALCONIFORMES,Falconidae,CRhe,,,,,,
Merlin,Falco columbarius,,FALCONIFORMES,Falconidae,CRhe,,,,,,
Aplomado Falcon,Falco femoralis,Rare/Accidental,FALCONIFORMES,Falconidae,CRhe,,,,,,
Bat Falcon,Falco rufigularis,,FALCONIFORMES,Falconidae,CRhe,yes,,,,,
Orange-breasted Falcon,Falco deiroleucus,Rare/Accidental Near-threatened,FALCONIFORMES,Falconidae,CRhe,,,,,,
Peregrine Falcon,Falco peregrinus,,FALCONIFORMES,Falconidae,CRhe,,,,,,
Red-fronted Parrotlet,Touit costaricensis,Near-threatened,PSITTACIFORMES,Psittacidae,CRhe,,,,,,
Barred Parakeet,Bolborhynchus lineola,,PSITTACIFORMES,Psittacidae,CRhe,,,,,,
Orange-chinned Parakeet,Brotogeris jugularis,,PSITTACIFORMES,Psittacidae,CRhe,,,,,,
Brown-hooded Parrot,Pyrilia haematotis,,PSITTACIFORMES,Psittacidae,CRhe,,,,,,
Blue-headed Parrot,Pionus menstruus,,PSITTACIFORMES,Psittacidae,CRhe,,,,,,
White-crowned Parrot,Pionus senilis,,PSITTACIFORMES,Psittacidae,CRhe,yes,,,,,
Red-lored Amazon,Amazona autumnalis,,PSITTACIFORMES,Psittacidae,CRhe,yes,,,,,
Yellow-naped Amazon,Amazona auropalliata,Critically endangered,PSITTACIFORMES,Psittacidae,CRhe,,,,,,
White-fronted Amazon,Amazona albifrons,,PSITTACIFORMES,Psittacidae,CRhe,,,,,,
Mealy Amazon,Amazona farinosa,,PSITTACIFORMES,Psittacidae,CRhe,yes,,,,,
Sulphur-winged Parakeet,Pyrrhura hoffmanni,,PSITTACIFORMES,Psittacidae,CRhe,,,,,,
Olive-throated Parakeet,Eupsittula nana,,PSITTACIFORMES,Psittacidae,CRhe,yes,,,,,
Orange-fronted Parakeet,Eupsittula canicularis,Vulnerable,PSITTACIFORMES,Psittacidae,CRhe,,,,,,
Great Green Macaw,Ara ambiguus,Critically endangered,PSITTACIFORMES,Psittacidae,CRhe,yes,,,,,
Scarlet Macaw,Ara macao,,PSITTACIFORMES,Psittacidae,CRhe,,,,,,
Crimson-fronted Parakeet,Psittacara finschi,,PSITTACIFORMES,Psittacidae,CRhe,,,,,,
Rufous-rumped Antwren,Euchrepomis callinota,,PASSERIFORMES,Thamnophilidae,CRhe,,,,,,
Fasciated Antshrike,Cymbilaimus lineatus,,PASSERIFORMES,Thamnophilidae,CRhe,,,,,,
Great Antshrike,Taraba major,,PASSERIFORMES,Thamnophilidae,CRhe,,,,,,
Barred Antshrike,Thamnophilus doliatus,,PASSERIFORMES,Thamnophilidae,CRhe,,,,,,
Black-crowned Antshrike,Thamnophilus atrinucha,,PASSERIFORMES,Thamnophilidae,CRhe,yes,,,,,
Black-hooded Antshrike,Thamnophilus bridgesi,,PASSERIFORMES,Thamnophilidae,CRhe,,,,,,
Russet Antshrike,Thamnistes anabatinus,,PASSERIFORMES,Thamnophilidae,CRhe,,,,,,
Plain Antvireo,Dysithamnus mentalis,,PASSERIFORMES,Thamnophilidae,CRhe,,,,,,
Streak-crowned Antvireo,Dysithamnus striaticeps,Near-threatened,PASSERIFORMES,Thamnophilidae,CRhe,yes,,,,,
Checker-throated Stipplethroat,Epinecrophylla fulviventris,,PASSERIFORMES,Thamnophilidae,CRhe,,,,,,
White-flanked Antwren,Myrmotherula axillaris,,PASSERIFORMES,Thamnophilidae,CRhe,,,,,,
Slaty Antwren,Myrmotherula schisticolor,,PASSERIFORMES,Thamnophilidae,CRhe,,,,,,
Dot-winged Antwren,Microrhopias quixensis,,PASSERIFORMES,Thamnophilidae,CRhe,,,,,,
Dusky Antbird,Cercomacroides tyrannina,,PASSERIFORMES,Thamnophilidae,CRhe,,,,,,
Bare-crowned Antbird,Gymnocichla nudiceps,,PASSERIFORMES,Thamnophilidae,CRhe,,,,,,
Chestnut-backed Antbird,Poliocrania exsul,,PASSERIFORMES,Thamnophilidae,CRhe,yes,,,,,
Dull-mantled Antbird,Sipia laemosticta,,PASSERIFORMES,Thamnophilidae,CRhe,,,,,,
Zeledon's Antbird,Hafferia zeledoni,,PASSERIFORMES,Thamnophilidae,CRhe,,,,,,
Bicolored Antbird,Gymnopithys bicolor,,PASSERIFORMES,Thamnophilidae,CRhe,,,,,,
Spotted Antbird,Hylophylax naevioides,,PASSERIFORMES,Thamnophilidae,CRhe,,,,,,
Ocellated Antbird,Phaenostictus mcleannani,,PASSERIFORMES,Thamnophilidae,CRhe,yes,,,,,
Black-crowned Antpitta,Pittasoma michleri,,PASSERIFORMES,Conopophagidae,CRhe,,,,,,
Scaled Antpitta,Grallaria guatimalensis,,PASSERIFORMES,Grallariidae,CRhe,,,,,,
Streak-chested Antpitta,Hylopezus perspicillatus,,PASSERIFORMES,Grallariidae,CRhe,,,,,,
Thicket Antpitta,Myrmothera dives,,PASSERIFORMES,Grallariidae,CRhe,,,,,,
Ochre-breasted Antpitta,Grallaricula flavirostris,,PASSERIFORMES,Grallariidae,CRhe,,,,,,
Silvery-fronted Tapaculo,Scytalopus argentifrons,,PASSERIFORMES,Rhinocryptidae,CRhe,,,,,,
Black-faced Antthrush,Formicarius analis,,PASSERIFORMES,Formicariidae,CRhe,yes,,,,,
Black-capped Antthrush,Formicarius nigricapillus,,PASSERIFORMES,Formicariidae,CRhe,,,,,,
Rufous-breasted Antthrush,Formicarius rufipectus,,PASSERIFORMES,Formicariidae,CRhe,,,,,,
Middle American Leaftosser,Sclerurus mexicanus,,PASSERIFORMES,Furnariidae,CRhe,,,,,,
Scaly-throated Leaftosser,Sclerurus guatemalensis,,PASSERIFORMES,Furnariidae,CRhe,,,,,,
Gray-throated Leaftosser,Sclerurus albigularis,,PASSERIFORMES,Furnariidae,CRhe,,,,,,
Olivaceous Woodcreeper,Sittasomus griseicapillus,,PASSERIFORMES,Furnariidae,CRhe,,,,,,
Piping Long-tailed Woodcreeper,Deconychura typica,,PASSERIFORMES,Furnariidae,CRhe,,,,,,
Ruddy Woodcreeper,Dendrocincla homochroa,,PASSERIFORMES,Furnariidae,CRhe,,,,,,
Tawny-winged Woodcreeper,Dendrocincla anabatina,,PASSERIFORMES,Furnariidae,CRhe,,,,,,
Plain-brown Woodcreeper,Dendrocincla fuliginosa,,PASSERIFORMES,Furnariidae,CRhe,,,,,,
Wedge-billed Woodcreeper,Glyphorynchus spirurus,,PASSERIFORMES,Furnariidae,CRhe,yes,,,,,
Northern Barred-Woodcreeper,Dendrocolaptes sanctithomae,,PASSERIFORMES,Furnariidae,CRhe,yes,,,,,
Black-banded Woodcreeper,Dendrocolaptes picumnus,,PASSERIFORMES,Furnariidae,CRhe,,,,,,
Strong-billed Woodcreeper,Xiphocolaptes promeropirhynchus,,PASSERIFORMES,Furnariidae,CRhe,,,,,,
Cocoa Woodcreeper,Xiphorhynchus susurrans,,PASSERIFORMES,Furnariidae,CRhe,yes,,,,,
Black-striped Woodcreeper,Xiphorhynchus lachrymosus,,PASSERIFORMES,Furnariidae,CRhe,,,,,,
Spotted Woodcreeper,Xiphorhynchus erythropygius,,PASSERIFORMES,Furnariidae,CRhe,,,,,,
Brown-billed Scythebill,Campylorhamphus pusillus,,PASSERIFORMES,Furnariidae,CRhe,,,,,,
Streak-headed Woodcreeper,Lepidocolaptes souleyetii,,PASSERIFORMES,Furnariidae,CRhe,yes,,,,,
Spot-crowned Woodcreeper,Lepidocolaptes affinis,,PASSERIFORMES,Furnariidae,CRhe,,,,,,
Northern Plain-Xenops,Xenops mexicanus,,PASSERIFORMES,Furnariidae,CRhe,,,,,,
Streaked Xenops,Xenops rutilans,,PASSERIFORMES,Furnariidae,CRhe,,,,,,
Buffy Tuftedcheek,Pseudocolaptes lawrencii,,PASSERIFORMES,Furnariidae,CRhe,,,,,,
Scaly-throated Foliage-gleaner,Anabacerthia variegaticeps,,PASSERIFORMES,Furnariidae,CRhe,,,,,,
Lineated Foliage-gleaner,Syndactyla subalaris,,PASSERIFORMES,Furnariidae,CRhe,,,,,,
Buff-fronted Foliage-gleaner,Dendroma rufa,,PASSERIFORMES,Furnariidae,CRhe,,,,,,
Streak-breasted Treehunter,Thripadectes rufobrunneus,,PASSERIFORMES,Furnariidae,CRhe,,,,,,
Fawn-throated Foliage-gleaner,Automolus cervinigularis,,PASSERIFORMES,Furnariidae,CRhe,,,,,,
Chiriqui Foliage-gleaner,Automolus exsertus,,PASSERIFORMES,Furnariidae,CRhe,,,,,,
Western Woodhaunter,Automolus virgatus,,PASSERIFORMES,Furnariidae,CRhe,,,,,,
Spotted Barbtail,Premnoplex brunnescens,,PASSERIFORMES,Furnariidae,CRhe,,,,,,
Ruddy Treerunner,Margarornis rubiginosus,,PASSERIFORMES,Furnariidae,CRhe,,,,,,
Red-faced Spinetail,Cranioleuca erythrops,,PASSERIFORMES,Furnariidae,CRhe,,,,,,
Slaty Spinetail,Synallaxis brachyura,,PASSERIFORMES,Furnariidae,CRhe,,,,,,
Pale-breasted Spinetail,Synallaxis albescens,,PASSERIFORMES,Furnariidae,CRhe,,,,,,
Long-tailed Manakin,Chiroxiphia linearis,,PASSERIFORMES,Pipridae,CRhe,,,,,,
White-ruffed Manakin,Corapipo altera,,PASSERIFORMES,Pipridae,CRhe,,,,,,
Velvety Manakin,Lepidothrix velutina,,PASSERIFORMES,Pipridae,CRhe,,,,,,
White-collared Manakin,Manacus candei,,PASSERIFORMES,Pipridae,CRhe,,,,,,
Orange-collared Manakin,Manacus aurantiacus,,PASSERIFORMES,Pipridae,CRhe,,,,,,
White-crowned Manakin,Pseudopipra pipra,,PASSERIFORMES,Pipridae,CRhe,,,,,,
Red-capped Manakin,Ceratopipra mentalis,,PASSERIFORMES,Pipridae,CRhe,yes,,,,,
Purple-throated Fruitcrow,Querula purpurata,,PASSERIFORMES,Cotingidae,CRhe,yes,,,,,
Bare-necked Umbrellabird,Cephalopterus glabricollis,Endangered,PASSERIFORMES,Cotingidae,CRhe,,,,,,
Lovely Cotinga,Cotinga amabilis,,PASSERIFORMES,Cotingidae,CRhe,,,,,,
Turquoise Cotinga,Cotinga ridgwayi,Introduced species Vulnerable,PASSERIFORMES,Cotingidae,CRhe,,,,,,
Rufous Piha,Lipaugus unirufus,,PASSERIFORMES,Cotingidae,CRhe,yes,,,,,
Three-wattled Bellbird,Procnias tricarunculatus,Vulnerable,PASSERIFORMES,Cotingidae,CRhe,,,,,,
Snowy Cotinga,Carpodectes nitidus,,PASSERIFORMES,Cotingidae,CRhe,,,,,,
Black-crowned Tityra,Tityra inquisitor,,PASSERIFORMES,Tityridae,CRhe,,,,,,
Masked Tityra,Tityra semifasciata,,PASSERIFORMES,Tityridae,CRhe,,,,,,
Northern Schiffornis,Schiffornis veraepacis,,PASSERIFORMES,Tityridae,CRhe,,,,,,
Speckled Mourner,Laniocera rufescens,,PASSERIFORMES,Tityridae,CRhe,,,,,,
Barred Becard,Pachyramphus versicolor,,PASSERIFORMES,Tityridae,CRhe,,,,,,
Cinnamon Becard,Pachyramphus cinnamomeus,,PASSERIFORMES,Tityridae,CRhe,,,,,,
White-winged Becard,Pachyramphus polychopterus,,PASSERIFORMES,Tityridae,CRhe,,,,,,
Black-and-white Becard,Pachyramphus albogriseus,,PASSERIFORMES,Tityridae,CRhe,,,,,,
Rose-throated Becard,Pachyramphus aglaiae,,PASSERIFORMES,Tityridae,CRhe,,,,,,
Sharpbill,Oxyruncus cristatus,,PASSERIFORMES,Oxyruncidae,CRhe,,,,,,
Tropical Royal Flycatcher,Onychorhynchus coronatus,,PASSERIFORMES,Onychorhynchidae,CRhe,,,,,,
Ruddy-tailed Flycatcher,Terenotriccus erythrurus,,PASSERIFORMES,Onychorhynchidae,CRhe,yes,,,,,
Sulphur-rumped Flycatcher,Myiobius sulphureipygius,,PASSERIFORMES,Onychorhynchidae,CRhe,,,,,,
Gray-headed Piprites,Piprites griseiceps,,PASSERIFORMES,Tyrannidae,CRhe,,,,,,
Stub-tailed Spadebill,Platyrinchus cancrominus,,PASSERIFORMES,Tyrannidae,CRhe,,,,,,
White-throated Spadebill,Platyrinchus mystaceus,,PASSERIFORMES,Tyrannidae,CRhe,,,,,,
Golden-crowned Spadebill,Platyrinchus coronatus,,PASSERIFORMES,Tyrannidae,CRhe,yes,,,,,
Olive-streaked Flycatcher,Mionectes olivaceus,,PASSERIFORMES,Tyrannidae,CRhe,,,,,,
Ochre-bellied Flycatcher,Mionectes oleagineus,,PASSERIFORMES,Tyrannidae,CRhe,yes,,,,,
Sepia-capped Flycatcher,Leptopogon amaurocephalus,,PASSERIFORMES,Tyrannidae,CRhe,,,,,,
Slaty-capped Flycatcher,Leptopogon superciliaris,,PASSERIFORMES,Tyrannidae,CRhe,,,,,,
Rufous-browed Tyrannulet,Phylloscartes superciliaris,,PASSERIFORMES,Tyrannidae,CRhe,,,,,,
Black-capped Pygmy-Tyrant,Myiornis atricapillus,,PASSERIFORMES,Tyrannidae,CRhe,yes,,,,,
Scale-crested Pygmy-Tyrant,Lophotriccus pileatus,,PASSERIFORMES,Tyrannidae,CRhe,,,,,,
Northern Bentbill,Oncostoma cinereigulare,,PASSERIFORMES,Tyrannidae,CRhe,,,,,,
Slate-headed Tody-Flycatcher,Poecilotriccus sylvia,,PASSERIFORMES,Tyrannidae,CRhe,,,,,,
Common Tody-Flycatcher,Todirostrum cinereum,,PASSERIFORMES,Tyrannidae,CRhe,,,,,,
Black-headed Tody-Flycatcher,Todirostrum nigriceps,,PASSERIFORMES,Tyrannidae,CRhe,,,,,,
Eye-ringed Flatbill,Rhynchocyclus brevirostris,,PASSERIFORMES,Tyrannidae,CRhe,yes,,,,,
Yellow-olive Flatbill,Tolmomyias sulphurescens,,PASSERIFORMES,Tyrannidae,CRhe,,,,,,
Yellow-winged Flatbill,Tolmomyias flavotectus,,PASSERIFORMES,Tyrannidae,CRhe,,,,,,
Yellow-bellied Tyrannulet,Ornithion semiflavum,,PASSERIFORMES,Tyrannidae,CRhe,,,,,,
Brown-capped Tyrannulet,Ornithion brunneicapillus,,PASSERIFORMES,Tyrannidae,CRhe,,,,,,
Northern Beardless-Tyrannulet,Camptostoma imberbe,,PASSERIFORMES,Tyrannidae,CRhe,,,,,,
Southern Beardless-Tyrannulet,Camptostoma obsoletum,,PASSERIFORMES,Tyrannidae,CRhe,,,,,,
Yellow Tyrannulet,Capsiempis flaveola,,PASSERIFORMES,Tyrannidae,CRhe,,,,,,
Yellow-crowned Tyrannulet,Tyrannulus elatus,,PASSERIFORMES,Tyrannidae,CRhe,,,,,,
Greenish Elaenia,Myiopagis viridicata,,PASSERIFORMES,Tyrannidae,CRhe,,,,,,
Yellow-bellied Elaenia,Elaenia flavogaster,,PASSERIFORMES,Tyrannidae,CRhe,,,,,,
Lesser Elaenia,Elaenia chiriquensis,,PASSERIFORMES,Tyrannidae,CRhe,,,,,,
Mountain Elaenia,Elaenia frantzii,,PASSERIFORMES,Tyrannidae,CRhe,,,,,,
Torrent Tyrannulet,Serpophaga cinerea,,PASSERIFORMES,Tyrannidae,CRhe,,,,,,
White-fronted Tyrannulet,Acrochordopus zeledoni,,PASSERIFORMES,Tyrannidae,CRhe,,,,,,
Mistletoe Tyrannulet,Zimmerius parvus,,PASSERIFORMES,Tyrannidae,CRhe,,,,,,
Tawny-chested Flycatcher,Aphanotriccus capitalis,Vulnerable,PASSERIFORMES,Tyrannidae,CRhe,,,,,,
Tufted Flycatcher,Mitrephanes phaeocercus,,PASSERIFORMES,Tyrannidae,CRhe,,,,,,
Olive-sided Flycatcher,Contopus cooperi,,PASSERIFORMES,Tyrannidae,CRhe,,,,,,
Dark Pewee,Contopus lugubris,Endemic (country/region),PASSERIFORMES,Tyrannidae,CRhe,,,,,,
Western Wood-Pewee,Contopus sordidulus,,PASSERIFORMES,Tyrannidae,CRhe,,,,,,
Northern Tropical Pewee,Contopus bogotensis,,PASSERIFORMES,Tyrannidae,CRhe,,,,,,
Eastern Wood-Pewee,Contopus virens,,PASSERIFORMES,Tyrannidae,CRhe,yes,,,,,
Yellow-bellied Flycatcher,Empidonax flaviventris,,PASSERIFORMES,Tyrannidae,CRhe,,,,,,
Acadian Flycatcher,Empidonax virescens,,PASSERIFORMES,Tyrannidae,CRhe,,,,,,
Alder Flycatcher,Empidonax alnorum,,PASSERIFORMES,Tyrannidae,CRhe,,,,,,
Willow Flycatcher,Empidonax traillii,,PASSERIFORMES,Tyrannidae,CRhe,,,,,,
White-throated Flycatcher,Empidonax albigularis,,PASSERIFORMES,Tyrannidae,CRhe,,,,,,
Least Flycatcher,Empidonax minimus,Rare/Accidental,PASSERIFORMES,Tyrannidae,CRhe,,,,,,
Yellowish Flycatcher,Empidonax flavescens,,PASSERIFORMES,Tyrannidae,CRhe,,,,,,
Black-capped Flycatcher,Empidonax atriceps,,PASSERIFORMES,Tyrannidae,CRhe,,,,,,
Black Phoebe,Sayornis nigricans,,PASSERIFORMES,Tyrannidae,CRhe,,,,,,
Long-tailed Tyrant,Colonia colonus,,PASSERIFORMES,Tyrannidae,CRhe,,,,,,
Bright-rumped Attila,Attila spadiceus,,PASSERIFORMES,Tyrannidae,CRhe,yes,,,,,
Rufous Mourner,Rhytipterna holerythra,,PASSERIFORMES,Tyrannidae,CRhe,yes,,,,,
Dusky-capped Flycatcher,Myiarchus tuberculifer,,PASSERIFORMES,Tyrannidae,CRhe,,,,,,
Nutting's Flycatcher,Myiarchus nuttingi,,PASSERIFORMES,Tyrannidae,CRhe,,,,,,
Great Crested Flycatcher,Myiarchus crinitus,,PASSERIFORMES,Tyrannidae,CRhe,,,,,,
Brown-crested Flycatcher,Myiarchus tyrannulus,,PASSERIFORMES,Tyrannidae,CRhe,,,,,,
Great Kiskadee,Pitangus sulphuratus,,PASSERIFORMES,Tyrannidae,CRhe,,,,,,
Boat-billed Flycatcher,Megarynchus pitangua,,PASSERIFORMES,Tyrannidae,CRhe,,,,,,
Social Flycatcher,Myiozetetes similis,,PASSERIFORMES,Tyrannidae,CRhe,,,,,,
Gray-capped Flycatcher,Myiozetetes granadensis,,PASSERIFORMES,Tyrannidae,CRhe,,,,,,
White-ringed Flycatcher,Conopias albovittatus,,PASSERIFORMES,Tyrannidae,CRhe,,,,,,
Golden-bellied Flycatcher,Myiodynastes hemichrysus,,PASSERIFORMES,Tyrannidae,CRhe,,,,,,
Streaked Flycatcher,Myiodynastes maculatus,,PASSERIFORMES,Tyrannidae,CRhe,,,,,,
Sulphur-bellied Flycatcher,Myiodynastes luteiventris,,PASSERIFORMES,Tyrannidae,CRhe,,,,,,
Piratic Flycatcher,Legatus leucophaius,,PASSERIFORMES,Tyrannidae,CRhe,,,,,,
Tropical Kingbird,Tyrannus melancholicus,,PASSERIFORMES,Tyrannidae,CRhe,,,,,,
Western Kingbird,Tyrannus verticalis,,PASSERIFORMES,Tyrannidae,CRhe,,,,,,
Eastern Kingbird,Tyrannus tyrannus,,PASSERIFORMES,Tyrannidae,CRhe,,,,,,
Gray Kingbird,Tyrannus dominicensis,Rare/Accidental,PASSERIFORMES,Tyrannidae,CRhe,,,,,,
Scissor-tailed Flycatcher,Tyrannus forficatus,,PASSERIFORMES,Tyrannidae,CRhe,,,,,,
Fork-tailed Flycatcher,Tyrannus savana,,PASSERIFORMES,Tyrannidae,CRhe,,,,,,
Rufous-browed Peppershrike,Cyclarhis gujanensis,,PASSERIFORMES,Vireonidae,CRhe,,,,,,
Green Shrike-Vireo,Vireolanius pulchellus,,PASSERIFORMES,Vireonidae,CRhe,,,,,,
Ochre-crowned Greenlet,Tunchiornis ochraceiceps,,PASSERIFORMES,Vireonidae,CRhe,,,,,,
Lesser Greenlet,Pachysylvia decurtata,,PASSERIFORMES,Vireonidae,CRhe,yes,,,,,
White-eyed Vireo,Vireo griseus,Rare/Accidental,PASSERIFORMES,Vireonidae,CRhe,,,,,,
Mangrove Vireo,Vireo pallens,,PASSERIFORMES,Vireonidae,CRhe,,,,,,
Yellow-throated Vireo,Vireo flavifrons,,PASSERIFORMES,Vireonidae,CRhe,,,,,,
Yellow-winged Vireo,Vireo carmioli,,PASSERIFORMES,Vireonidae,CRhe,,,,,,
Blue-headed Vireo,Vireo solitarius,Rare/Accidental,PASSERIFORMES,Vireonidae,CRhe,,,,,,
Philadelphia Vireo,Vireo philadelphicus,,PASSERIFORMES,Vireonidae,CRhe,,,,,,
Eastern Warbling Vireo,Vireo gilvus,Rare/Accidental,PASSERIFORMES,Vireonidae,CRhe,,,,,,
Brown-capped Vireo,Vireo leucophrys,,PASSERIFORMES,Vireonidae,CRhe,,,,,,
Red-eyed Vireo,Vireo olivaceus,,PASSERIFORMES,Vireonidae,CRhe,,,,,,
Yellow-green Vireo,Vireo flavoviridis,,PASSERIFORMES,Vireonidae,CRhe,,,,,,
Black-whiskered Vireo,Vireo altiloquus,Rare/Accidental,PASSERIFORMES,Vireonidae,CRhe,,,,,,
Azure-hooded Jay,Cyanolyca cucullata,,PASSERIFORMES,Corvidae,CRhe,,,,,,
White-throated Magpie-Jay,Cyanocorax formosus,,PASSERIFORMES,Corvidae,CRhe,,,,,,
Brown Jay,Cyanocorax morio,,PASSERIFORMES,Corvidae,CRhe,,,,,,
Black-chested Jay,Cyanocorax affinis,,PASSERIFORMES,Corvidae,CRhe,,,,,,
Bank Swallow,Riparia riparia,,PASSERIFORMES,Hirundinidae,CRhe,,,,,,
Tree Swallow,Tachycineta bicolor,,PASSERIFORMES,Hirundinidae,CRhe,,,,,,
Mangrove Swallow,Tachycineta albilinea,,PASSERIFORMES,Hirundinidae,CRhe,,,,,,
Violet-green Swallow,Tachycineta thalassina,Rare/Accidental,PASSERIFORMES,Hirundinidae,CRhe,,,,,,
Purple Martin,Progne subis,,PASSERIFORMES,Hirundinidae,CRhe,,,,,,
Gray-breasted Martin,Progne chalybea,,PASSERIFORMES,Hirundinidae,CRhe,,,,,,
Northern Rough-winged Swallow,Stelgidopteryx serripennis,,PASSERIFORMES,Hirundinidae,CRhe,,,,,,
Southern Rough-winged Swallow,Stelgidopteryx ruficollis,,PASSERIFORMES,Hirundinidae,CRhe,,,,,,
Blue-and-white Swallow,Pygochelidon cyanoleuca,,PASSERIFORMES,Hirundinidae,CRhe,,,,,,
Barn Swallow,Hirundo rustica,,PASSERIFORMES,Hirundinidae,CRhe,,,,,,
Cliff Swallow,Petrochelidon pyrrhonota,,PASSERIFORMES,Hirundinidae,CRhe,,,,,,
Tawny-faced Gnatwren,Microbates cinereiventris,,PASSERIFORMES,Polioptilidae,CRhe,,,,,,
Long-billed Gnatwren,Ramphocaenus melanurus,,PASSERIFORMES,Polioptilidae,CRhe,,,,,,
White-browed Gnatcatcher,Polioptila bilineata,,PASSERIFORMES,Polioptilidae,CRhe,,,,,,
White-lored Gnatcatcher,Polioptila albiloris,,PASSERIFORMES,Polioptilidae,CRhe,,,,,,
Nightingale Wren,Microcerculus philomela,Near-threatened,PASSERIFORMES,Troglodytidae,CRhe,yes,,,,,
Scaly-breasted Wren,Microcerculus marginatus,,PASSERIFORMES,Troglodytidae,CRhe,,,,,,
Southern House Wren,Troglodytes musculus,,PASSERIFORMES,Troglodytidae,CRhe,,,,,,
Ochraceous Wren,Troglodytes ochraceus,,PASSERIFORMES,Troglodytidae,CRhe,,,,,,
Grass Wren,Cistothorus platensis,,PASSERIFORMES,Troglodytidae,CRhe,,,,,,
Band-backed Wren,Campylorhynchus zonatus,,PASSERIFORMES,Troglodytidae,CRhe,,,,,,
Rufous-backed Wren,Campylorhynchus capistratus,,PASSERIFORMES,Troglodytidae,CRhe,,,,,,
Black-bellied Wren,Pheugopedius fasciatoventris,,PASSERIFORMES,Troglodytidae,CRhe,,,,,,
Rufous-breasted Wren,Pheugopedius rutilus,,PASSERIFORMES,Troglodytidae,CRhe,,,,,,
Spot-breasted Wren,Pheugopedius maculipectus,,PASSERIFORMES,Troglodytidae,CRhe,,,,,,
Black-throated Wren,Pheugopedius atrogularis,,PASSERIFORMES,Troglodytidae,CRhe,,,,,,
Banded Wren,Thryophilus pleurostictus,,PASSERIFORMES,Troglodytidae,CRhe,,,,,,
Rufous-and-white Wren,Thryophilus rufalbus,,PASSERIFORMES,Troglodytidae,CRhe,,,,,,
Stripe-breasted Wren,Cantorchilus thoracicus,,PASSERIFORMES,Troglodytidae,CRhe,yes,,,,,
Cabanis's Wren,Cantorchilus modestus,,PASSERIFORMES,Troglodytidae,CRhe,,,,,,
Canebrake Wren,Cantorchilus zeledoni,,PASSERIFORMES,Troglodytidae,CRhe,,,,,,
Isthmian Wren,Cantorchilus elutus,,PASSERIFORMES,Troglodytidae,CRhe,,,,,,
Riverside Wren,Cantorchilus semibadius,,PASSERIFORMES,Troglodytidae,CRhe,,,,,,
Bay Wren,Cantorchilus nigricapillus,,PASSERIFORMES,Troglodytidae,CRhe,,,,,,
White-breasted Wood-Wren,Henicorhina leucosticta,,PASSERIFORMES,Troglodytidae,CRhe,yes,,,,,
Gray-breasted Wood-Wren,Henicorhina leucophrys,,PASSERIFORMES,Troglodytidae,CRhe,,,,,,
Song Wren,Cyphorhinus phaeocephalus,,PASSERIFORMES,Troglodytidae,CRhe,,,,,,
American Dipper,Cinclus mexicanus,,PASSERIFORMES,Cinclidae,CRhe,,,,,,
Gray Catbird,Dumetella carolinensis,,PASSERIFORMES,Mimidae,CRhe,,,,,,
Tropical Mockingbird,Mimus gilvus,Introduced species,PASSERIFORMES,Mimidae,CRhe,,,,,,
Black-faced Solitaire,Myadestes melanops,,PASSERIFORMES,Turdidae,CRhe,,,,,,
Black-billed Nightingale-Thrush,Catharus gracilirostris,,PASSERIFORMES,Turdidae,CRhe,,,,,,
Orange-billed Nightingale-Thrush,Catharus aurantiirostris,,PASSERIFORMES,Turdidae,CRhe,,,,,,
Slaty-backed Nightingale-Thrush,Catharus fuscater,,PASSERIFORMES,Turdidae,CRhe,,,,,,
Ruddy-capped Nightingale-Thrush,Catharus frantzii,,PASSERIFORMES,Turdidae,CRhe,,,,,,
Black-headed Nightingale-Thrush,Catharus mexicanus,,PASSERIFORMES,Turdidae,CRhe,,,,,,
Veery,Catharus fuscescens,,PASSERIFORMES,Turdidae,CRhe,,,,,,
Gray-cheeked Thrush,Catharus minimus,,PASSERIFORMES,Turdidae,CRhe,,,,,,
Swainson's Thrush,Catharus ustulatus,,PASSERIFORMES,Turdidae,CRhe,,,,,,
Wood Thrush,Hylocichla mustelina,,PASSERIFORMES,Turdidae,CRhe,,,,,,
Sooty Thrush,Turdus nigrescens,,PASSERIFORMES,Turdidae,CRhe,,,,,,
Mountain Thrush,Turdus plebejus,,PASSERIFORMES,Turdidae,CRhe,,,,,,
Pale-vented Thrush,Turdus obsoletus,,PASSERIFORMES,Turdidae,CRhe,,,,,,
White-throated Thrush,Turdus assimilis,,PASSERIFORMES,Turdidae,CRhe,,,,,,
Clay-colored Thrush,Turdus grayi,,PASSERIFORMES,Turdidae,CRhe,,,,,,
Cedar Waxwing,Bombycilla cedrorum,,PASSERIFORMES,Bombycillidae,CRhe,,,,,,
Black-and-yellow Silky-flycatcher,Phainoptila melanoxantha,,PASSERIFORMES,Ptiliogonatidae,CRhe,,,,,,
Long-tailed Silky-flycatcher,Ptiliogonys caudatus,,PASSERIFORMES,Ptiliogonatidae,CRhe,,,,,,
Tricolored Munia,Lonchura malacca,Introduced species,PASSERIFORMES,Estrildidae,CRhe,,,,,,
House Sparrow,Passer domesticus,Introduced species,PASSERIFORMES,Passeridae,CRhe,,,,,,
Elegant Euphonia,Chlorophonia elegantissima,,PASSERIFORMES,Fringillidae,CRhe,,,,,,
Golden-browed Chlorophonia,Chlorophonia callophrys,,PASSERIFORMES,Fringillidae,CRhe,,,,,,
Scrub Euphonia,Euphonia affinis,,PASSERIFORMES,Fringillidae,CRhe,,,,,,
Yellow-crowned Euphonia,Euphonia luteicapilla,,PASSERIFORMES,Fringillidae,CRhe,yes,,,,,
White-vented Euphonia,Euphonia minuta,,PASSERIFORMES,Fringillidae,CRhe,,,,,,
Yellow-throated Euphonia,Euphonia hirundinacea,,PASSERIFORMES,Fringillidae,CRhe,,,,,,
Thick-billed Euphonia,Euphonia laniirostris,,PASSERIFORMES,Fringillidae,CRhe,,,,,,
Spot-crowned Euphonia,Euphonia imitans,,PASSERIFORMES,Fringillidae,CRhe,,,,,,
Olive-backed Euphonia,Euphonia gouldi,,PASSERIFORMES,Fringillidae,CRhe,yes,,,,,
Tawny-capped Euphonia,Euphonia anneae,,PASSERIFORMES,Fringillidae,CRhe,,,,,,
Lesser Goldfinch,Spinus psaltria,,PASSERIFORMES,Fringillidae,CRhe,,,,,,
Yellow-bellied Siskin,Spinus xanthogastrus,,PASSERIFORMES,Fringillidae,CRhe,,,,,,
Ashy-throated Chlorospingus,Chlorospingus canigularis,,PASSERIFORMES,Passerellidae,CRhe,,,,,,
Sooty-capped Chlorospingus,Chlorospingus pileatus,,PASSERIFORMES,Passerellidae,CRhe,,,,,,
Common Chlorospingus,Chlorospingus flavopectus,,PASSERIFORMES,Passerellidae,CRhe,,,,,,
Stripe-headed Sparrow,Peucaea ruficauda,,PASSERIFORMES,Passerellidae,CRhe,,,,,,
Grasshopper Sparrow,Ammodramus savannarum,,PASSERIFORMES,Passerellidae,CRhe,,,,,,
Olive Sparrow,Arremonops rufivirgatus,,PASSERIFORMES,Passerellidae,CRhe,,,,,,
Black-striped Sparrow,Arremonops conirostris,,PASSERIFORMES,Passerellidae,CRhe,,,,,,
Chipping Sparrow,Spizella passerina,Rare/Accidental,PASSERIFORMES,Passerellidae,CRhe,,,,,,
Lark Sparrow,Chondestes grammacus,Rare/Accidental,PASSERIFORMES,Passerellidae,CRhe,,,,,,
Costa Rican Brushfinch,Arremon costaricensis,,PASSERIFORMES,Passerellidae,CRhe,,,,,,
Orange-billed Sparrow,Arremon aurantiirostris,,PASSERIFORMES,Passerellidae,CRhe,,,,,,
Chestnut-capped Brushfinch,Arremon brunneinucha,,PASSERIFORMES,Passerellidae,CRhe,,,,,,
Sooty-faced Finch,Arremon crassirostris,,PASSERIFORMES,Passerellidae,CRhe,,,,,,
Rufous-collared Sparrow,Zonotrichia capensis,,PASSERIFORMES,Passerellidae,CRhe,,,,,,
Lincoln's Sparrow,Melospiza lincolnii,Rare/Accidental,PASSERIFORMES,Passerellidae,CRhe,,,,,,
Large-footed Finch,Pezopetes capitalis,,PASSERIFORMES,Passerellidae,CRhe,,,,,,
White-eared Ground-Sparrow,Melozone leucotis,,PASSERIFORMES,Passerellidae,CRhe,,,,,,
Cabanis's Ground-Sparrow,Melozone cabanisi,Endemic (country/region) Near-threatened,PASSERIFORMES,Passerellidae,CRhe,,,,,,
Rusty Sparrow,Aimophila rufescens,,PASSERIFORMES,Passerellidae,CRhe,,,,,,
White-naped Brushfinch,Atlapetes albinucha,,PASSERIFORMES,Passerellidae,CRhe,,,,,,
Yellow-thighed Brushfinch,Atlapetes tibialis,,PASSERIFORMES,Passerellidae,CRhe,,,,,,
Wrenthrush,Zeledonia coronata,,PASSERIFORMES,Zeledoniidae,CRhe,,,,,,
Yellow-breasted Chat,Icteria virens,,PASSERIFORMES,Icteriidae,CRhe,,,,,,
Bobolink,Dolichonyx oryzivorus,Near-threatened,PASSERIFORMES,Icteridae,CRhe,,,,,,
Eastern Meadowlark,Sturnella magna,,PASSERIFORMES,Icteridae,CRhe,,,,,,
Red-breasted Meadowlark,Leistes militaris,,PASSERIFORMES,Icteridae,CRhe,,,,,,
Yellow-billed Cacique,Amblycercus holosericeus,,PASSERIFORMES,Icteridae,CRhe,,,,,,
Chestnut-headed Oropendola,Psarocolius wagleri,,PASSERIFORMES,Icteridae,CRhe,,,,,,
Montezuma Oropendola,Psarocolius montezuma,,PASSERIFORMES,Icteridae,CRhe,yes,,,,,
Scarlet-rumped Cacique,Cacicus uropygialis,,PASSERIFORMES,Icteridae,CRhe,yes,,,,,
Black-cowled Oriole,Icterus prosthemelas,,PASSERIFORMES,Icteridae,CRhe,,,,,,
Orchard Oriole,Icterus spurius,,PASSERIFORMES,Icteridae,CRhe,,,,,,
Yellow-tailed Oriole,Icterus mesomelas,,PASSERIFORMES,Icteridae,CRhe,,,,,,
Streak-backed Oriole,Icterus pustulatus,,PASSERIFORMES,Icteridae,CRhe,,,,,,
Bullock's Oriole,Icterus bullockii,Rare/Accidental,PASSERIFORMES,Icteridae,CRhe,,,,,,
Spot-breasted Oriole,Icterus pectoralis,,PASSERIFORMES,Icteridae,CRhe,,,,,,
Baltimore Oriole,Icterus galbula,,PASSERIFORMES,Icteridae,CRhe,,,,,,
Red-winged Blackbird,Agelaius phoeniceus,,PASSERIFORMES,Icteridae,CRhe,,,,,,
Shiny Cowbird,Molothrus bonariensis,,PASSERIFORMES,Icteridae,CRhe,,,,,,
Bronzed Cowbird,Molothrus aeneus,,PASSERIFORMES,Icteridae,CRhe,,,,,,
Giant Cowbird,Molothrus oryzivorus,,PASSERIFORMES,Icteridae,CRhe,,,,,,
Melodious Blackbird,Dives dives,Rare/Accidental,PASSERIFORMES,Icteridae,CRhe,,,,,,
Great-tailed Grackle,Quiscalus mexicanus,,PASSERIFORMES,Icteridae,CRhe,,,,,,
Ovenbird,Seiurus aurocapilla,,PASSERIFORMES,Parulidae,CRhe,,,,,,
Worm-eating Warbler,Helmitheros vermivorum,,PASSERIFORMES,Parulidae,CRhe,,,,,,
Louisiana Waterthrush,Parkesia motacilla,,PASSERIFORMES,Parulidae,CRhe,,,,,,
Northern Waterthrush,Parkesia noveboracensis,,PASSERIFORMES,Parulidae,CRhe,,,,,,
Golden-winged Warbler,Vermivora chrysoptera,Near-threatened,PASSERIFORMES,Parulidae,CRhe,,,,,,
Blue-winged Warbler,Vermivora cyanoptera,,PASSERIFORMES,Parulidae,CRhe,,,,,,
Black-and-white Warbler,Mniotilta varia,,PASSERIFORMES,Parulidae,CRhe,,,,,,
Prothonotary Warbler,Protonotaria citrea,,PASSERIFORMES,Parulidae,CRhe,,,,,,
Flame-throated Warbler,Oreothlypis gutturalis,,PASSERIFORMES,Parulidae,CRhe,,,,,,
Tennessee Warbler,Leiothlypis peregrina,,PASSERIFORMES,Parulidae,CRhe,,,,,,
Nashville Warbler,Leiothlypis ruficapilla,Rare/Accidental,PASSERIFORMES,Parulidae,CRhe,,,,,,
Connecticut Warbler,Oporornis agilis,Rare/Accidental,PASSERIFORMES,Parulidae,CRhe,,,,,,
Gray-crowned Yellowthroat,Geothlypis poliocephala,,PASSERIFORMES,Parulidae,CRhe,,,,,,
MacGillivray's Warbler,Geothlypis tolmiei,,PASSERIFORMES,Parulidae,CRhe,,,,,,
Mourning Warbler,Geothlypis philadelphia,,PASSERIFORMES,Parulidae,CRhe,,,,,,
Kentucky Warbler,Geothlypis formosa,,PASSERIFORMES,Parulidae,CRhe,,,,,,
Olive-crowned Yellowthroat,Geothlypis semiflava,,PASSERIFORMES,Parulidae,CRhe,,,,,,
Common Yellowthroat,Geothlypis trichas,,PASSERIFORMES,Parulidae,CRhe,,,,,,
Hooded Warbler,Setophaga citrina,,PASSERIFORMES,Parulidae,CRhe,,,,,,
American Redstart,Setophaga ruticilla,,PASSERIFORMES,Parulidae,CRhe,,,,,,
Cape May Warbler,Setophaga tigrina,,PASSERIFORMES,Parulidae,CRhe,,,,,,
Cerulean Warbler,Setophaga cerulea,Near-threatened,PASSERIFORMES,Parulidae,CRhe,,,,,,
Northern Parula,Setophaga americana,Rare/Accidental,PASSERIFORMES,Parulidae,CRhe,,,,,,
Tropical Parula,Setophaga pitiayumi,,PASSERIFORMES,Parulidae,CRhe,,,,,,
Magnolia Warbler,Setophaga magnolia,,PASSERIFORMES,Parulidae,CRhe,,,,,,
Bay-breasted Warbler,Setophaga castanea,,PASSERIFORMES,Parulidae,CRhe,,,,,,
Blackburnian Warbler,Setophaga fusca,,PASSERIFORMES,Parulidae,CRhe,,,,,,
Northern Yellow Warbler,Setophaga aestiva,,PASSERIFORMES,Parulidae,CRhe,,,,,,
Mangrove Yellow Warbler,Setophaga petechia,,PASSERIFORMES,Parulidae,CRhe,,,,,,
Chestnut-sided Warbler,Setophaga pensylvanica,,PASSERIFORMES,Parulidae,CRhe,yes,,,,,
Blackpoll Warbler,Setophaga striata,Rare/Accidental Near-threatened,PASSERIFORMES,Parulidae,CRhe,,,,,,
Black-throated Blue Warbler,Setophaga caerulescens,Rare/Accidental,PASSERIFORMES,Parulidae,CRhe,,,,,,
Palm Warbler,Setophaga palmarum,,PASSERIFORMES,Parulidae,CRhe,,,,,,
Pine Warbler,Setophaga pinus,Rare/Accidental,PASSERIFORMES,Parulidae,CRhe,,,,,,
Yellow-rumped Warbler,Setophaga coronata,,PASSERIFORMES,Parulidae,CRhe,,,,,,
Yellow-throated Warbler,Setophaga dominica,,PASSERIFORMES,Parulidae,CRhe,,,,,,
Prairie Warbler,Setophaga discolor,Rare/Accidental,PASSERIFORMES,Parulidae,CRhe,,,,,,
Townsend's Warbler,Setophaga townsendi,,PASSERIFORMES,Parulidae,CRhe,,,,,,
Hermit Warbler,Setophaga occidentalis,Rare/Accidental,PASSERIFORMES,Parulidae,CRhe,,,,,,
Golden-cheeked Warbler,Setophaga chrysoparia,Rare/Accidental Endangered,PASSERIFORMES,Parulidae,CRhe,,,,,,
Black-throated Green Warbler,Setophaga virens,,PASSERIFORMES,Parulidae,CRhe,,,,,,
Chestnut-capped Warbler,Basileuterus delattrii,,PASSERIFORMES,Parulidae,CRhe,,,,,,
Black-cheeked Warbler,Basileuterus melanogenys,,PASSERIFORMES,Parulidae,CRhe,,,,,,
Golden-crowned Warbler,Basileuterus culicivorus,,PASSERIFORMES,Parulidae,CRhe,,,,,,
Costa Rican Warbler,Basileuterus melanotis,,PASSERIFORMES,Parulidae,CRhe,,,,,,
Buff-rumped Warbler,Myiothlypis fulvicauda,,PASSERIFORMES,Parulidae,CRhe,yes,,,,,
Canada Warbler,Cardellina canadensis,,PASSERIFORMES,Parulidae,CRhe,,,,,,
Wilson's Warbler,Cardellina pusilla,,PASSERIFORMES,Parulidae,CRhe,,,,,,
Slate-throated Redstart,Myioborus miniatus,,PASSERIFORMES,Parulidae,CRhe,,,,,,
Collared Redstart,Myioborus torquatus,,PASSERIFORMES,Parulidae,CRhe,,,,,,
Dusky-faced Tanager,Mitrospingus cassinii,,PASSERIFORMES,Mitrospingidae,CRhe,,,,,,
Hepatic Tanager,Piranga flava,,PASSERIFORMES,Cardinalidae,CRhe,,,,,,
Summer Tanager,Piranga rubra,,PASSERIFORMES,Cardinalidae,CRhe,,,,,,
Scarlet Tanager,Piranga olivacea,,PASSERIFORMES,Cardinalidae,CRhe,,,,,,
Western Tanager,Piranga ludoviciana,,PASSERIFORMES,Cardinalidae,CRhe,,,,,,
Flame-colored Tanager,Piranga bidentata,,PASSERIFORMES,Cardinalidae,CRhe,,,,,,
White-winged Tanager,Piranga leucoptera,,PASSERIFORMES,Cardinalidae,CRhe,,,,,,
Red-crowned Ant-Tanager,Habia rubica,,PASSERIFORMES,Cardinalidae,CRhe,,,,,,
Red-throated Ant-Tanager,Driophlox fuscicauda,,PASSERIFORMES,Cardinalidae,CRhe,,,,,,
Carmiol's Tanager,Chlorothraupis carmioli,,PASSERIFORMES,Cardinalidae,CRhe,yes,,,,,
Black-faced Grosbeak,Caryothraustes poliogaster,,PASSERIFORMES,Cardinalidae,CRhe,,,,,,
Black-thighed Grosbeak,Pheucticus tibialis,,PASSERIFORMES,Cardinalidae,CRhe,,,,,,
Rose-breasted Grosbeak,Pheucticus ludovicianus,,PASSERIFORMES,Cardinalidae,CRhe,,,,,,
Black-headed Grosbeak,Pheucticus melanocephalus,Rare/Accidental,PASSERIFORMES,Cardinalidae,CRhe,,,,,,
Blue Seedeater,Amaurospiza concolor,,PASSERIFORMES,Cardinalidae,CRhe,,,,,,
Blue-black Grosbeak,Cyanoloxia cyanoides,,PASSERIFORMES,Cardinalidae,CRhe,,,,,,
Blue Grosbeak,Passerina caerulea,,PASSERIFORMES,Cardinalidae,CRhe,,,,,,
Indigo Bunting,Passerina cyanea,,PASSERIFORMES,Cardinalidae,CRhe,,,,,,
Painted Bunting,Passerina ciris,,PASSERIFORMES,Cardinalidae,CRhe,,,,,,
Dickcissel,Spiza americana,,PASSERIFORMES,Cardinalidae,CRhe,,,,,,
Gray-headed Tanager,Eucometis penicillata,,PASSERIFORMES,Thraupidae,CRhe,,,,,,
White-shouldered Tanager,Loriotus luctuosus,,PASSERIFORMES,Thraupidae,CRhe,,,,,,
Tawny-crested Tanager,Tachyphonus delatrii,,PASSERIFORMES,Thraupidae,CRhe,,,,,,
White-lined Tanager,Tachyphonus rufus,,PASSERIFORMES,Thraupidae,CRhe,,,,,,
White-throated Shrike-Tanager,Lanio leucothorax,Near-threatened,PASSERIFORMES,Thraupidae,CRhe,,,,,,
Crimson-collared Tanager,Ramphocelus sanguinolentus,,PASSERIFORMES,Thraupidae,CRhe,,,,,,
Scarlet-rumped Tanager,Ramphocelus passerinii,,PASSERIFORMES,Thraupidae,CRhe,,,,,,
Crimson-backed Tanager,Ramphocelus dimidiatus,Rare/Accidental,PASSERIFORMES,Thraupidae,CRhe,,,,,,
Blue-and-gold Tanager,Bangsia arcaei,Near-threatened,PASSERIFORMES,Thraupidae,CRhe,,,,,,
Blue-gray Tanager,Thraupis episcopus,,PASSERIFORMES,Thraupidae,CRhe,,,,,,
Yellow-winged Tanager,Thraupis abbas,,PASSERIFORMES,Thraupidae,CRhe,,,,,,
Palm Tanager,Thraupis palmarum,,PASSERIFORMES,Thraupidae,CRhe,,,,,,
Speckled Tanager,Ixothraupis guttata,,PASSERIFORMES,Thraupidae,CRhe,,,,,,
Golden-hooded Tanager,Stilpnia larvata,,PASSERIFORMES,Thraupidae,CRhe,,,,,,
Spangle-cheeked Tanager,Tangara dowii,,PASSERIFORMES,Thraupidae,CRhe,,,,,,
Plain-colored Tanager,Tangara inornata,,PASSERIFORMES,Thraupidae,CRhe,,,,,,
Rufous-winged Tanager,Tangara lavinia,,PASSERIFORMES,Thraupidae,CRhe,,,,,,
Bay-headed Tanager,Tangara gyrola,,PASSERIFORMES,Thraupidae,CRhe,,,,,,
Emerald Tanager,Tangara florida,,PASSERIFORMES,Thraupidae,CRhe,,,,,,
Silver-throated Tanager,Tangara icterocephala,,PASSERIFORMES,Thraupidae,CRhe,,,,,,
Scarlet-thighed Dacnis,Dacnis venusta,,PASSERIFORMES,Thraupidae,CRhe,,,,,,
Blue Dacnis,Dacnis cayana,,PASSERIFORMES,Thraupidae,CRhe,,,,,,
Shining Honeycreeper,Cyanerpes lucidus,,PASSERIFORMES,Thraupidae,CRhe,,,,,,
Red-legged Honeycreeper,Cyanerpes cyaneus,,PASSERIFORMES,Thraupidae,CRhe,,,,,,
Green Honeycreeper,Chlorophanes spiza,,PASSERIFORMES,Thraupidae,CRhe,,,,,,
Black-and-yellow Tanager,Chrysothlypis chrysomelas,,PASSERIFORMES,Thraupidae,CRhe,,,,,,
Slaty Flowerpiercer,Diglossa plumbea,,PASSERIFORMES,Thraupidae,CRhe,,,,,,
Slaty Finch,Haplospiza rustica,,PASSERIFORMES,Thraupidae,CRhe,,,,,,
Peg-billed Finch,Acanthidops bairdi,,PASSERIFORMES,Thraupidae,CRhe,,,,,,
Blue-black Grassquit,Volatinia jacarina,,PASSERIFORMES,Thraupidae,CRhe,,,,,,
Ruddy-breasted Seedeater,Sporophila minuta,,PASSERIFORMES,Thraupidae,CRhe,,,,,,
Thick-billed Seed-Finch,Sporophila funerea,,PASSERIFORMES,Thraupidae,CRhe,,,,,,
Nicaraguan Seed-Finch,Sporophila nuttingi,,PASSERIFORMES,Thraupidae,CRhe,,,,,,
Variable Seedeater,Sporophila corvina,,PASSERIFORMES,Thraupidae,CRhe,,,,,,
Morelet's Seedeater,Sporophila morelleti,,PASSERIFORMES,Thraupidae,CRhe,,,,,,
Yellow-bellied Seedeater,Sporophila nigricollis,,PASSERIFORMES,Thraupidae,CRhe,,,,,,
Slate-colored Seedeater,Sporophila schistacea,,PASSERIFORMES,Thraupidae,CRhe,,,,,,
Bananaquit,Coereba flaveola,,PASSERIFORMES,Thraupidae,CRhe,,,,,,
Yellow-faced Grassquit,Tiaris olivaceus,,PASSERIFORMES,Thraupidae,CRhe,,,,,,
Buff-throated Saltator,Saltator maximus,,PASSERIFORMES,Thraupidae,CRhe,,,,,,
Black-headed Saltator,Saltator atriceps,,PASSERIFORMES,Thraupidae,CRhe,,,,,,
Cinnamon-bellied Saltator,Saltator grandis,,PASSERIFORMES,Thraupidae,CRhe,,,,,,
Streaked Saltator,Saltator striatipectus,,PASSERIFORMES,Thraupidae,CRhe,,,,,,
Slate-colored Grosbeak,Saltator grossus,,PASSERIFORMES,Thraupidae,CRhe,yes,,,,,